pclass,sex,age_orig,age_imp_mice,age_imp_rf,sibsp,parch,fare,embarked,boat_na,title,deck_orig,deck_imp_mice,deck_imp_rf,survived
1,female,29,29,29,0,0,211.3375,S,1,Miss,2,B,B,1
1,male,0.9167,0.9167,0.9167,1,2,151.55,S,1,Master,3,C,C,1
1,female,2,2,2,1,2,151.55,S,0,Miss,3,C,C,0
1,male,30,30,30,1,2,151.55,S,0,Mr,3,C,C,0
1,female,25,25,25,1,2,151.55,S,0,Mrs,3,C,C,0
1,male,48,48,48,0,0,26.55,S,1,Mr,5,E,E,1
1,female,63,63,63,1,0,77.9583,S,1,Miss,4,D,D,1
1,male,39,39,39,0,0,0,S,0,Mr,1,A,A,0
1,female,53,53,53,2,0,51.4792,S,1,Mrs,3,C,C,1
1,male,71,71,71,0,0,49.5042,C,0,Mr,,A,B,0
1,male,47,47,47,1,0,227.525,C,0,rare_title,3,C,C,0
1,female,18,18,18,1,0,227.525,C,1,Mrs,3,C,C,1
1,female,24,24,24,0,0,69.3,C,1,Mrs,2,B,B,1
1,female,26,26,26,0,0,78.85,S,1,Miss,,B,C,1
1,male,80,80,80,0,0,30,S,1,Mr,1,A,A,1
1,male,,46.97464334,46,0,0,25.925,S,0,Mr,,A,D,0
1,male,24,24,24,0,1,247.5208,C,0,Mr,2,B,B,0
1,female,50,50,50,0,1,247.5208,C,1,Mrs,2,B,B,1
1,female,32,32,32,0,0,76.2917,C,1,Miss,4,D,D,1
1,male,36,36,36,0,0,75.2417,C,1,Mr,3,C,C,0
1,male,37,37,37,1,1,52.5542,S,1,Mr,4,D,D,1
1,female,47,47,47,1,1,52.5542,S,1,Mrs,4,D,D,1
1,male,26,26,26,0,0,30,C,1,Mr,3,C,C,1
1,female,42,42,42,0,0,227.525,C,1,Miss,,C,C,1
1,female,29,29,29,0,0,221.7792,S,1,Miss,3,C,C,1
1,male,25,25,25,0,0,26,C,0,Mr,,D,C,0
1,male,25,25,25,1,0,91.0792,C,1,Mr,2,B,B,1
1,female,19,19,19,1,0,91.0792,C,1,Mrs,2,B,B,1
1,female,35,35,35,0,0,135.6333,S,1,Miss,3,C,C,1
1,male,28,28,28,0,0,26.55,S,1,Mr,3,C,C,1
1,male,45,45,45,0,0,35.5,S,0,Mr,8,T,T,0
1,male,40,40,40,0,0,31,C,1,Mr,1,A,A,1
1,female,30,30,30,0,0,164.8667,S,1,Miss,3,C,C,1
1,female,58,58,58,0,0,26.55,S,1,Miss,3,C,C,1
1,male,42,42,42,0,0,26.55,S,0,Mr,4,D,D,0
1,female,45,45,45,0,0,262.375,C,1,Miss,,B,B,1
1,female,22,22,22,0,1,55,S,1,Miss,5,E,E,1
1,male,,43.39481962,46.4,0,0,26.55,S,1,Mr,,E,E,1
1,male,41,41,41,0,0,30.5,S,0,Mr,1,A,A,0
1,male,48,48,48,0,0,50.4958,C,0,Mr,2,B,B,0
1,male,,48.85922144,41.7,0,0,39.6,C,0,rare_title,,A,B,0
1,female,44,44,44,0,0,27.7208,C,1,Mrs,2,B,B,1
1,female,59,59,59,2,0,51.4792,S,1,Mrs,3,C,C,1
1,female,60,60,60,0,0,76.2917,C,1,Mrs,4,D,D,1
1,female,41,41,41,0,0,134.5,C,1,Miss,5,E,E,1
1,male,45,45,45,0,0,26.55,S,0,rare_title,2,B,B,0
1,male,,46.50318088,57.2,0,0,31,S,0,Mr,,C,C,0
1,male,42,42,42,0,0,26.2875,S,1,Mr,5,E,E,1
1,female,53,53,53,0,0,27.4458,C,1,Mrs,,B,B,1
1,male,36,36,36,0,1,512.3292,C,1,Mr,2,B,B,1
1,female,58,58,58,0,1,512.3292,C,1,Mrs,2,B,B,1
1,male,33,33,33,0,0,5,S,0,Mr,2,B,B,0
1,male,28,28,28,0,0,47.1,S,0,Mr,,A,C,0
1,male,17,17,17,0,0,47.1,S,0,Mr,,D,C,0
1,male,11,11,11,1,2,120,S,1,Master,2,B,B,1
1,female,14,14,14,1,2,120,S,1,Miss,2,B,B,1
1,male,36,36,36,1,2,120,S,1,Mr,2,B,B,1
1,female,36,36,36,1,2,120,S,1,Mrs,2,B,B,1
1,male,49,49,49,0,0,26,S,0,Mr,,E,E,0
1,female,,45.80355574,55,0,0,27.7208,C,1,Mrs,,B,B,1
1,male,36,36,36,1,0,78.85,S,0,Mr,3,C,C,0
1,female,76,76,76,1,0,78.85,S,1,Mrs,3,C,C,1
1,male,46,46,46,1,0,61.175,S,0,Mr,5,E,E,0
1,female,47,47,47,1,0,61.175,S,1,Mrs,5,E,E,1
1,male,27,27,27,1,0,53.1,S,1,Mr,5,E,E,1
1,female,33,33,33,1,0,53.1,S,1,Mrs,5,E,E,1
1,female,36,36,36,0,0,262.375,C,1,Miss,2,B,B,1
1,female,30,30,30,0,0,86.5,S,1,Miss,2,B,B,1
1,male,45,45,45,0,0,29.7,C,1,Mr,1,A,A,1
1,female,,45.24575652,48.7,0,1,55,S,1,Mrs,5,E,E,1
1,male,,40.93137099,39,0,0,0,S,0,Mr,,B,A,0
1,male,27,27,27,1,0,136.7792,C,0,Mr,3,C,C,0
1,female,26,26,26,1,0,136.7792,C,1,Mrs,3,C,C,1
1,female,22,22,22,0,0,151.55,S,1,Miss,,B,C,1
1,male,,43.44599641,31,0,0,52,S,0,Mr,1,A,A,0
1,male,47,47,47,0,0,25.5875,S,0,Mr,5,E,E,0
1,female,39,39,39,1,1,83.1583,C,1,Miss,5,E,E,1
1,male,37,37,37,1,1,83.1583,C,0,Mr,5,E,E,0
1,female,64,64,64,0,2,83.1583,C,1,Mrs,5,E,E,1
1,female,55,55,55,2,0,25.7,S,1,Mrs,3,C,C,1
1,male,,46.58061304,62,0,0,26.55,S,0,Mr,,C,C,0
1,male,70,70,70,1,1,71,S,0,rare_title,2,B,B,0
1,female,36,36,36,0,2,71,S,1,Miss,2,B,B,1
1,female,64,64,64,1,1,26.55,S,1,Mrs,2,B,B,1
1,male,39,39,39,1,0,71.2833,C,0,Mr,3,C,C,0
1,female,38,38,38,1,0,71.2833,C,1,Mrs,3,C,C,1
1,male,51,51,51,0,0,26.55,S,1,Mr,5,E,E,1
1,male,27,27,27,0,0,30.5,S,1,Mr,,C,C,1
1,female,33,33,33,0,0,151.55,S,1,Miss,,C,C,1
1,male,31,31,31,1,0,52,S,0,Mr,2,B,B,0
1,female,27,27,27,1,2,52,S,1,Mrs,2,B,B,1
1,male,31,31,31,1,0,57,S,1,Mr,2,B,B,1
1,female,17,17,17,1,0,57,S,1,Mrs,2,B,B,1
1,male,53,53,53,1,1,81.8583,S,1,rare_title,1,A,A,1
1,male,4,4,4,0,2,81.8583,S,1,Master,1,A,A,1
1,female,54,54,54,1,1,81.8583,S,1,Mrs,1,A,A,1
1,male,50,50,50,1,0,106.425,C,0,Mr,3,C,C,0
1,female,27,27,27,1,1,247.5208,C,1,Mrs,2,B,B,1
1,female,48,48,48,1,0,106.425,C,1,Mrs,3,C,C,1
1,female,48,48,48,1,0,39.6,C,1,rare_title,1,A,A,1
1,male,49,49,49,1,0,56.9292,C,1,rare_title,1,A,A,1
1,male,39,39,39,0,0,29.7,C,0,Mr,1,A,A,0
1,female,23,23,23,0,1,83.1583,C,1,Mrs,3,C,C,1
1,female,38,38,38,0,0,227.525,C,1,Miss,3,C,C,1
1,female,54,54,54,1,0,78.2667,C,1,Miss,4,D,D,1
1,female,36,36,36,0,0,31.6792,C,0,Miss,1,A,A,0
1,male,,47.70941549,43.9,0,0,221.7792,S,0,Mr,3,C,C,0
1,female,,46.13665195,50.8,0,0,31.6833,S,1,Mrs,,D,D,1
1,female,,31.87395642,30.6,0,0,110.8833,C,1,Miss,,C,D,1
1,male,36,36,36,0,0,26.3875,S,1,Mr,5,E,E,1
1,male,30,30,30,0,0,27.75,C,0,Mr,3,C,C,0
1,female,24,24,24,3,2,263,S,1,Miss,3,C,C,1
1,female,28,28,28,3,2,263,S,1,Miss,3,C,C,1
1,female,23,23,23,3,2,263,S,1,Miss,3,C,C,1
1,male,19,19,19,3,2,263,S,0,Mr,3,C,C,0
1,male,64,64,64,1,4,263,S,0,Mr,3,C,C,0
1,female,60,60,60,1,4,263,S,1,Mrs,3,C,C,1
1,female,30,30,30,0,0,56.9292,C,1,Miss,5,E,E,1
1,male,,46.21419473,42,0,0,26.55,S,0,Mr,4,D,D,0
1,male,50,50,50,2,0,133.65,S,1,rare_title,,C,B,1
1,male,43,43,43,1,0,27.7208,C,1,Mr,4,D,D,1
1,female,,37.40912604,26.5,1,0,133.65,S,1,Mrs,,C,C,1
1,female,22,22,22,0,2,49.5,C,1,Miss,2,B,B,1
1,male,60,60,60,1,1,79.2,C,1,Mr,2,B,B,1
1,female,48,48,48,1,1,79.2,C,1,Mrs,2,B,B,1
1,male,,40.93137099,40,0,0,0,S,0,Mr,2,B,B,0
1,male,37,37,37,1,0,53.1,S,0,Mr,3,C,C,0
1,female,35,35,35,1,0,53.1,S,1,Mrs,3,C,C,1
1,male,47,47,47,0,0,38.5,S,0,Mr,5,E,E,0
1,female,35,35,35,0,0,211.5,C,1,Miss,3,C,C,1
1,female,22,22,22,0,1,59.4,C,1,Miss,,B,B,1
1,female,45,45,45,0,1,59.4,C,1,Mrs,,B,C,1
1,male,24,24,24,0,0,79.2,C,0,Mr,2,B,B,0
1,male,49,49,49,1,0,89.1042,C,1,Mr,3,C,C,1
1,female,,36.22763938,40.4,1,0,89.1042,C,1,Mrs,3,C,C,1
1,male,71,71,71,0,0,34.6542,C,0,Mr,1,A,A,0
1,male,53,53,53,0,0,28.5,C,1,rare_title,3,C,C,1
1,female,19,19,19,0,0,30,S,1,Miss,2,B,B,1
1,male,38,38,38,0,1,153.4625,S,0,Mr,3,C,C,0
1,female,58,58,58,0,1,153.4625,S,1,Mrs,3,C,C,1
1,male,23,23,23,0,1,63.3583,C,1,Mr,4,D,D,1
1,female,45,45,45,0,1,63.3583,C,1,Mrs,4,D,D,1
1,male,46,46,46,0,0,79.2,C,0,Mr,2,B,B,0
1,male,25,25,25,1,0,55.4417,C,1,Mr,5,E,E,1
1,female,25,25,25,1,0,55.4417,C,1,Mrs,5,E,E,1
1,male,48,48,48,1,0,76.7292,C,1,Mr,4,D,D,1
1,female,49,49,49,1,0,76.7292,C,1,Mrs,4,D,D,1
1,male,,45.57972443,47,0,0,42.4,S,0,Mr,,A,D,0
1,male,45,45,45,1,0,83.475,S,0,Mr,3,C,C,0
1,female,35,35,35,1,0,83.475,S,1,Mrs,3,C,C,1
1,male,40,40,40,0,0,0,S,0,Mr,2,B,B,0
1,male,27,27,27,0,0,76.7292,C,1,Mr,4,D,D,1
1,male,,43.54480427,35.8,0,0,30,S,1,Mr,4,D,D,1
1,female,24,24,24,0,0,83.1583,C,1,Miss,3,C,C,1
1,male,55,55,55,1,1,93.5,S,0,Mr,2,B,B,0
1,female,52,52,52,1,1,93.5,S,1,Mrs,2,B,B,1
1,male,42,42,42,0,0,42.5,S,0,Mr,2,B,B,0
1,male,,44.57612899,54,0,0,51.8625,S,0,Mr,5,E,E,0
1,male,55,55,55,0,0,50,S,0,Mr,3,C,C,0
1,female,16,16,16,0,1,57.9792,C,1,Miss,2,B,B,1
1,female,44,44,44,0,1,57.9792,C,1,Mrs,2,B,B,1
1,female,51,51,51,1,0,77.9583,S,1,Mrs,4,D,D,1
1,male,42,42,42,1,0,52,S,0,Mr,,D,D,0
1,female,35,35,35,1,0,52,S,1,Mrs,,C,C,1
1,male,35,35,35,0,0,26.55,C,1,Mr,,C,B,1
1,male,38,38,38,1,0,90,S,1,Mr,3,C,C,1
1,male,,37.52357693,56,0,0,30.6958,C,1,Mr,,C,A,0
1,female,35,35,35,1,0,90,S,1,Mrs,3,C,C,1
1,female,38,38,38,0,0,80,S,1,Miss,2,B,B,1
1,female,50,50,50,0,0,28.7125,C,0,Miss,3,C,C,0
1,male,49,49,49,0,0,0,S,1,Mr,2,B,B,1
1,male,46,46,46,0,0,26,S,0,Mr,,E,D,0
1,male,50,50,50,0,0,26,S,0,Mr,5,E,E,0
1,male,32.5,32.5,32.5,0,0,211.5,C,0,Mr,3,C,C,0
1,male,58,58,58,0,0,29.7,C,0,Mr,2,B,B,0
1,male,41,41,41,1,0,51.8625,S,0,Mr,4,D,D,0
1,female,,38.63247101,44,1,0,51.8625,S,1,Mrs,4,D,D,1
1,male,42,42,42,1,0,52.5542,S,1,Mr,4,D,D,1
1,female,45,45,45,1,0,52.5542,S,1,Mrs,4,D,D,1
1,male,,46.58061304,62,0,0,26.55,S,0,Mr,3,C,C,0
1,female,39,39,39,0,0,211.3375,S,1,Miss,,C,B,1
1,female,49,49,49,0,0,25.9292,S,1,rare_title,4,D,D,1
1,female,30,30,30,0,0,106.425,C,1,Miss,,C,D,1
1,male,35,35,35,0,0,512.3292,C,1,Mr,2,B,B,1
1,male,,41.609228,28.5,0,0,27.7208,C,0,Mr,,A,D,0
1,male,42,42,42,0,0,26.55,S,0,Mr,,D,D,0
1,female,55,55,55,0,0,27.7208,C,1,Mrs,,B,B,1
1,female,16,16,16,0,1,39.4,S,1,Miss,4,D,D,1
1,female,51,51,51,0,1,39.4,S,1,Mrs,4,D,D,1
1,male,29,29,29,0,0,30,S,0,Mr,4,D,D,0
1,female,21,21,21,0,0,77.9583,S,1,Miss,4,D,D,1
1,male,30,30,30,0,0,45.5,S,0,Mr,,A,B,0
1,female,58,58,58,0,0,146.5208,C,0,Miss,2,B,B,1
1,female,15,15,15,0,1,211.3375,S,1,Miss,2,B,B,1
1,male,30,30,30,0,0,26,S,0,Mr,3,C,C,0
1,female,16,16,16,0,0,86.5,S,1,Miss,2,B,B,1
1,male,,37.44125659,27,0,0,29.7,C,1,Mr,3,C,C,1
1,male,19,19,19,1,0,53.1,S,0,Mr,4,D,D,0
1,female,18,18,18,1,0,53.1,S,1,Mrs,4,D,D,1
1,female,24,24,24,0,0,49.5042,C,1,Miss,3,C,C,1
1,male,46,46,46,0,0,75.2417,C,0,Mr,3,C,C,0
1,male,54,54,54,0,0,51.8625,S,0,Mr,5,E,E,0
1,male,36,36,36,0,0,26.2875,S,1,Mr,5,E,E,1
1,male,28,28,28,1,0,82.1708,C,0,Mr,,C,C,0
1,female,,38.06712499,49,1,0,82.1708,C,1,Mrs,,C,D,1
1,male,65,65,65,0,0,26.55,S,0,Mr,5,E,E,0
1,male,44,44,44,2,0,90,Q,0,rare_title,3,C,C,0
1,female,33,33,33,1,0,90,Q,1,Miss,3,C,C,1
1,female,37,37,37,1,0,90,Q,1,Mrs,3,C,C,1
1,male,30,30,30,1,0,57.75,C,1,Mr,3,C,C,1
1,male,55,55,55,0,0,30.5,S,0,Mr,3,C,C,0
1,male,47,47,47,0,0,42.4,S,0,Mr,,C,D,0
1,male,37,37,37,0,1,29.7,C,0,Mr,3,C,C,0
1,female,31,31,31,1,0,113.275,C,1,Miss,4,D,D,1
1,female,23,23,23,1,0,113.275,C,1,Miss,4,D,D,1
1,male,58,58,58,0,2,113.275,C,0,Mr,4,D,D,0
1,female,19,19,19,0,2,26.2833,S,1,Miss,4,D,D,1
1,male,64,64,64,0,0,26,S,0,Mr,,E,D,0
1,female,39,39,39,0,0,108.9,C,1,rare_title,3,C,C,1
1,male,,35.66201005,35,0,0,25.7417,C,1,Mr,,C,B,1
1,female,22,22,22,0,1,61.9792,C,1,Miss,2,B,B,1
1,male,65,65,65,0,1,61.9792,C,0,Mr,2,B,B,0
1,male,28.5,28.5,28.5,0,0,27.7208,C,0,Mr,4,D,D,0
1,male,,40.93137099,39,0,0,0,S,0,Mr,,B,A,0
1,male,45.5,45.5,45.5,0,0,28.5,S,0,Mr,3,C,C,0
1,male,23,23,23,0,0,93.5,S,0,Mr,2,B,B,0
1,male,29,29,29,1,0,66.6,S,0,Mr,3,C,C,0
1,female,22,22,22,1,0,66.6,S,1,Mrs,3,C,C,1
1,male,18,18,18,1,0,108.9,C,0,Mr,3,C,C,0
1,female,17,17,17,1,0,108.9,C,1,Mrs,3,C,C,1
1,female,30,30,30,0,0,93.5,S,1,Miss,2,B,B,1
1,male,52,52,52,0,0,30.5,S,1,rare_title,3,C,C,1
1,male,47,47,47,0,0,52,S,0,Mr,3,C,C,0
1,female,56,56,56,0,1,83.1583,C,1,Mrs,3,C,C,1
1,male,38,38,38,0,0,0,S,0,rare_title,,B,B,0
1,male,,38.27897628,30,0,0,39.6,S,1,Mr,,C,B,1
1,male,22,22,22,0,0,135.6333,C,0,Mr,,C,C,0
1,male,,39.21527066,38.55,0,0,227.525,C,0,Mr,,C,B,0
1,female,43,43,43,0,1,211.3375,S,1,Mrs,2,B,B,1
1,male,31,31,31,0,0,50.4958,S,0,Mr,1,A,A,0
1,male,45,45,45,0,0,26.55,S,1,Mr,,E,E,1
1,male,,45.97379871,31,0,0,50,S,0,Mr,1,A,A,0
1,female,33,33,33,0,0,27.7208,C,1,Miss,1,A,A,1
1,male,46,46,46,0,0,79.2,C,0,Mr,,B,B,0
1,male,36,36,36,0,0,40.125,C,0,Mr,1,A,A,0
1,female,33,33,33,0,0,86.5,S,1,rare_title,2,B,B,1
1,male,55,55,55,1,0,59.4,C,0,Mr,,C,C,0
1,female,54,54,54,1,0,59.4,C,1,Mrs,,C,C,1
1,male,33,33,33,0,0,26.55,S,0,Mr,,C,B,0
1,male,13,13,13,2,2,262.375,C,1,Master,2,B,B,1
1,female,18,18,18,2,2,262.375,C,1,Miss,2,B,B,1
1,female,21,21,21,2,2,262.375,C,1,Miss,2,B,B,1
1,male,61,61,61,1,3,262.375,C,0,Mr,2,B,B,0
1,female,48,48,48,1,3,262.375,C,1,Mrs,2,B,B,1
1,male,,39.78794311,27,0,0,30.5,S,1,Mr,3,C,C,1
1,female,24,24,24,0,0,69.3,C,1,Miss,2,B,B,1
1,male,,43.20844396,37.3,0,0,26,S,1,Mr,,E,E,1
1,female,35,35,35,1,0,57.75,C,1,Mrs,3,C,C,1
1,female,30,30,30,0,0,31,C,1,Miss,,C,B,1
1,male,34,34,34,0,0,26.55,S,1,Mr,,E,E,1
1,female,40,40,40,0,0,153.4625,S,1,Miss,3,C,C,1
1,male,35,35,35,0,0,26.2875,S,1,Mr,5,E,E,1
1,male,50,50,50,1,0,55.9,S,0,Mr,5,E,E,0
1,female,39,39,39,1,0,55.9,S,1,Mrs,5,E,E,1
1,male,56,56,56,0,0,35.5,C,1,rare_title,1,A,A,1
1,male,28,28,28,0,0,35.5,S,1,Mr,1,A,A,1
1,male,56,56,56,0,0,26.55,S,0,Mr,,C,C,0
1,male,56,56,56,0,0,30.6958,C,0,Mr,1,A,A,0
1,male,24,24,24,1,0,60,S,0,Mr,3,C,C,0
1,male,,46.98277668,36.5,0,0,26,S,0,Mr,1,A,A,0
1,female,18,18,18,1,0,60,S,1,Mrs,3,C,C,1
1,male,24,24,24,1,0,82.2667,S,1,Mr,2,B,B,1
1,female,23,23,23,1,0,82.2667,S,1,Mrs,2,B,B,1
1,male,6,6,6,0,2,134.5,C,1,Master,5,E,E,1
1,male,45,45,45,1,1,134.5,C,1,Mr,5,E,E,1
1,female,40,40,40,1,1,134.5,C,1,Mrs,5,E,E,1
1,male,57,57,57,1,0,146.5208,C,0,Mr,2,B,B,0
1,female,,34.9553087,20.4,1,0,146.5208,C,1,Mrs,2,B,B,1
1,male,32,32,32,0,0,30.5,C,1,rare_title,2,B,B,1
1,male,62,62,62,0,0,26.55,S,0,Mr,3,C,C,0
1,male,54,54,54,1,0,55.4417,C,1,Mr,3,C,C,1
1,female,43,43,43,1,0,55.4417,C,1,Mrs,3,C,C,1
1,female,52,52,52,1,0,78.2667,C,1,Mrs,4,D,D,1
1,male,,41.609228,28.5,0,0,27.7208,C,0,Mr,,A,D,0
1,female,62,62,62,0,0,80,S,1,Mrs,2,B,B,1
1,male,67,67,67,1,0,221.7792,S,0,Mr,3,C,C,0
1,female,63,63,63,1,0,221.7792,S,0,Mrs,3,C,C,0
1,male,61,61,61,0,0,32.3208,S,0,Mr,4,D,D,0
1,female,48,48,48,0,0,25.9292,S,1,Mrs,4,D,D,1
1,female,18,18,18,0,2,79.65,S,1,Miss,5,E,E,1
1,male,52,52,52,1,1,79.65,S,0,Mr,5,E,E,0
1,female,39,39,39,1,1,79.65,S,1,Mrs,5,E,E,1
1,male,48,48,48,1,0,52,S,1,Mr,3,C,C,1
1,female,,37.22332351,35,1,0,52,S,1,Mrs,3,C,C,1
1,male,49,49,49,1,1,110.8833,C,0,Mr,3,C,C,0
1,male,17,17,17,0,2,110.8833,C,1,Mr,3,C,C,1
1,female,39,39,39,1,1,110.8833,C,1,Mrs,3,C,C,1
1,female,,46.60544011,57.35,0,0,79.2,C,1,Mrs,,B,D,1
1,male,31,31,31,0,0,28.5375,C,1,Mr,3,C,C,1
1,male,40,40,40,0,0,27.7208,C,0,rare_title,,B,C,0
1,male,61,61,61,0,0,33.5,S,0,Mr,2,B,B,0
1,male,47,47,47,0,0,34.0208,S,0,Mr,4,D,D,0
1,female,35,35,35,0,0,512.3292,C,1,Miss,,B,B,1
1,male,64,64,64,1,0,75.25,C,0,Mr,4,D,D,0
1,female,60,60,60,1,0,75.25,C,1,Mrs,4,D,D,1
1,male,60,60,60,0,0,26.55,S,0,rare_title,,C,B,0
1,male,54,54,54,0,1,77.2875,S,0,Mr,4,D,D,0
1,male,21,21,21,0,1,77.2875,S,0,Mr,4,D,D,0
1,female,55,55,55,0,0,135.6333,C,1,Mrs,3,C,C,1
1,female,31,31,31,0,2,164.8667,S,1,Miss,3,C,C,1
1,male,57,57,57,1,1,164.8667,S,0,Mr,,C,B,0
1,female,45,45,45,1,1,164.8667,S,1,Mrs,,C,C,1
1,male,50,50,50,1,1,211.5,C,0,Mr,3,C,C,0
1,male,27,27,27,0,2,211.5,C,0,Mr,3,C,C,0
1,female,50,50,50,1,1,211.5,C,1,Mrs,3,C,C,1
1,female,21,21,21,0,0,26.55,S,1,Miss,,B,C,1
1,male,51,51,51,0,1,61.3792,C,0,Mr,,B,B,0
1,male,21,21,21,0,1,61.3792,C,1,Mr,,D,D,1
1,male,,46.67965689,53.2,0,0,35,S,0,Mr,3,C,C,0
1,female,31,31,31,0,0,134.5,C,1,Miss,5,E,E,1
1,male,,38.18503183,27.2,0,0,35.5,S,1,Mr,3,C,C,1
1,male,62,62,62,0,0,26.55,S,0,Mr,,C,C,0
1,female,36,36,36,0,0,135.6333,C,1,Miss,3,C,C,1
2,male,30,30,30,1,0,24,C,0,Mr,,D,D,0
2,female,28,28,28,1,0,24,C,1,Mrs,,D,D,1
2,male,30,30,30,0,0,13,S,0,Mr,,F,E,0
2,male,18,18,18,0,0,11.5,S,0,Mr,,F,F,0
2,male,25,25,25,0,0,10.5,S,0,Mr,,F,F,0
2,male,34,34,34,1,0,26,S,0,Mr,,F,E,0
2,female,36,36,36,1,0,26,S,1,Mrs,,D,E,1
2,male,57,57,57,0,0,13,S,0,Mr,,F,D,0
2,male,18,18,18,0,0,11.5,S,0,Mr,,F,F,0
2,male,23,23,23,0,0,10.5,S,0,Mr,,F,F,0
2,female,36,36,36,0,0,13,S,1,Mrs,4,D,D,1
2,male,28,28,28,0,0,10.5,S,0,Mr,,F,F,0
2,male,51,51,51,0,0,12.525,S,0,rare_title,,E,D,0
2,male,32,32,32,1,0,26,S,1,Mr,,F,E,1
2,female,19,19,19,1,0,26,S,1,Mrs,,F,F,1
2,male,28,28,28,0,0,26,S,0,Mr,,F,F,0
2,male,1,1,1,2,1,39,S,1,Master,6,F,F,1
2,female,4,4,4,2,1,39,S,1,Miss,6,F,F,1
2,female,12,12,12,2,1,39,S,1,Miss,6,F,F,1
2,female,36,36,36,0,3,39,S,1,Mrs,6,F,F,1
2,male,34,34,34,0,0,13,S,1,Mr,4,D,D,1
2,female,19,19,19,0,0,13,S,1,Miss,,F,F,1
2,male,23,23,23,0,0,13,S,0,Mr,,F,F,0
2,male,26,26,26,0,0,13,S,0,Mr,,F,F,0
2,male,42,42,42,0,0,13,S,0,Mr,,F,D,0
2,male,27,27,27,0,0,13,S,0,Mr,,F,F,0
2,female,24,24,24,0,0,13,S,1,Miss,6,F,F,1
2,female,15,15,15,0,2,39,S,1,Miss,,F,F,1
2,male,60,60,60,1,1,39,S,0,Mr,,F,F,0
2,female,40,40,40,1,1,39,S,1,Mrs,,F,F,1
2,female,20,20,20,1,0,26,S,1,Miss,,F,F,1
2,male,25,25,25,1,0,26,S,0,Mr,,F,F,0
2,female,36,36,36,0,0,13,S,1,Miss,,E,E,1
2,male,25,25,25,0,0,13,S,0,Mr,,F,F,0
2,male,42,42,42,0,0,13,S,0,rare_title,,D,D,0
2,female,42,42,42,0,0,13,S,0,Mrs,,D,D,1
2,male,0.8333,0.8333,0.8333,0,2,29,S,1,Master,,F,F,1
2,male,26,26,26,1,1,29,S,1,Mr,,F,F,1
2,female,22,22,22,1,1,29,S,1,Mrs,,F,F,1
2,female,35,35,35,0,0,21,S,1,Miss,,E,E,1
2,male,,38.53508771,22.4,0,0,0,S,0,Mr,,F,F,0
2,male,19,19,19,0,0,13,S,0,Mr,,F,F,0
2,female,44,44,44,1,0,26,S,0,Mrs,,F,E,0
2,male,54,54,54,1,0,26,S,0,rare_title,,F,E,0
2,male,52,52,52,0,0,13.5,S,0,Mr,,D,D,0
2,male,37,37,37,1,0,26,S,0,Mr,,F,E,0
2,female,29,29,29,1,0,26,S,0,Mrs,,F,F,0
2,female,25,25,25,1,1,30,S,1,Miss,,F,F,1
2,female,45,45,45,0,2,30,S,1,Mrs,,F,F,1
2,male,29,29,29,1,0,26,S,0,Mr,,F,F,0
2,female,28,28,28,1,0,26,S,1,Mrs,,F,F,1
2,male,29,29,29,0,0,10.5,S,0,Mr,,F,F,0
2,male,28,28,28,0,0,13,S,0,Mr,,F,F,0
2,male,24,24,24,0,0,10.5,S,1,Mr,,F,F,1
2,female,8,8,8,0,2,26.25,S,1,Miss,,F,F,1
2,male,31,31,31,1,1,26.25,S,0,Mr,,F,F,0
2,female,31,31,31,1,1,26.25,S,1,Mrs,,F,F,1
2,female,22,22,22,0,0,10.5,S,1,Mrs,6,F,F,1
2,female,30,30,30,0,0,13,S,0,Mrs,,F,E,0
2,female,,30.83725358,22,0,0,21,S,0,Mrs,,F,F,0
2,male,21,21,21,0,0,11.5,S,0,Mr,,F,F,0
2,male,,38.53508771,22.4,0,0,0,S,0,Mr,,F,F,0
2,male,8,8,8,1,1,36.75,S,1,Master,,F,F,1
2,male,18,18,18,0,0,73.5,S,0,Mr,,F,F,0
2,female,48,48,48,0,2,36.75,S,1,Mrs,,F,F,1
2,female,28,28,28,0,0,13,S,1,Miss,,E,F,1
2,male,32,32,32,0,0,13,S,0,Mr,,F,E,0
2,male,17,17,17,0,0,73.5,S,0,Mr,,F,F,0
2,male,29,29,29,1,0,27.7208,C,0,Mr,,D,D,0
2,female,24,24,24,1,0,27.7208,C,1,Mrs,,D,D,1
2,male,25,25,25,0,0,31.5,S,0,Mr,,F,F,0
2,male,18,18,18,0,0,73.5,S,0,Mr,,F,F,0
2,female,18,18,18,0,1,23,S,0,Miss,,F,F,1
2,female,34,34,34,0,1,23,S,0,Mrs,,F,F,1
2,male,54,54,54,0,0,26,S,0,Mr,,F,E,0
2,male,8,8,8,0,2,32.5,S,1,Master,,F,F,1
2,male,42,42,42,1,1,32.5,S,0,Mr,,F,F,0
2,female,34,34,34,1,1,32.5,S,1,Mrs,,F,F,1
2,female,27,27,27,1,0,13.8583,C,1,Miss,,D,D,1
2,female,30,30,30,1,0,13.8583,C,1,Miss,,D,D,1
2,male,23,23,23,0,0,13,S,0,Mr,,F,F,0
2,male,21,21,21,0,0,13,S,0,Mr,,F,F,0
2,male,18,18,18,0,0,13,S,0,Mr,,F,F,0
2,male,40,40,40,1,0,26,S,0,Mr,,F,E,0
2,female,29,29,29,1,0,26,S,1,Mrs,,F,F,1
2,male,18,18,18,0,0,10.5,S,0,Mr,,F,F,0
2,male,36,36,36,0,0,13,S,0,Mr,,D,D,0
2,male,,38.53508771,22.4,0,0,0,S,0,Mr,,F,F,0
2,female,38,38,38,0,0,13,S,0,Miss,,E,E,0
2,male,35,35,35,0,0,26,S,0,Mr,,F,E,0
2,male,38,38,38,1,0,21,S,0,Mr,,F,E,0
2,male,34,34,34,1,0,21,S,0,Mr,,F,E,0
2,female,34,34,34,0,0,13,S,1,Miss,,E,E,1
2,male,16,16,16,0,0,26,S,0,Mr,,F,F,0
2,male,26,26,26,0,0,10.5,S,0,Mr,,F,F,0
2,male,47,47,47,0,0,10.5,S,0,Mr,,F,E,0
2,male,21,21,21,1,0,11.5,S,0,Mr,,F,F,0
2,male,21,21,21,1,0,11.5,S,0,Mr,,F,F,0
2,male,24,24,24,0,0,13.5,S,0,Mr,,F,F,0
2,male,24,24,24,0,0,13,S,0,Mr,,F,F,0
2,male,34,34,34,0,0,13,S,0,Mr,,F,D,0
2,male,30,30,30,0,0,13,S,0,Mr,,F,E,0
2,male,52,52,52,0,0,13,S,0,Mr,,F,D,0
2,male,30,30,30,0,0,13,S,0,Mr,,F,E,0
2,male,0.6667,0.6667,0.6667,1,1,14.5,S,1,Master,,F,F,1
2,female,24,24,24,0,2,14.5,S,1,Mrs,,F,F,1
2,male,44,44,44,0,0,13,S,0,Mr,,F,D,0
2,female,6,6,6,0,1,33,S,1,Miss,,F,F,1
2,male,28,28,28,0,1,33,S,0,rare_title,,F,F,0
2,male,62,62,62,0,0,10.5,S,1,Mr,,E,E,1
2,male,30,30,30,0,0,10.5,S,0,Mr,,F,F,0
2,female,7,7,7,0,2,26.25,S,1,Miss,,F,F,1
2,male,43,43,43,1,1,26.25,S,0,Mr,,F,F,0
2,female,45,45,45,1,1,26.25,S,1,Mrs,,F,F,1
2,female,24,24,24,1,2,65,S,1,Miss,,F,F,1
2,female,24,24,24,1,2,65,S,1,Miss,,F,F,1
2,male,49,49,49,1,2,65,S,0,Mr,,F,F,0
2,female,48,48,48,1,2,65,S,1,Mrs,,F,F,1
2,female,55,55,55,0,0,16,S,1,Mrs,,D,D,1
2,male,24,24,24,2,0,73.5,S,0,Mr,,F,F,0
2,male,32,32,32,2,0,73.5,S,0,Mr,,F,F,0
2,male,21,21,21,2,0,73.5,S,0,Mr,,F,F,0
2,female,18,18,18,1,1,13,S,0,Miss,,F,F,0
2,female,20,20,20,2,1,23,S,1,Miss,,F,F,1
2,male,23,23,23,2,1,11.5,S,0,Mr,,F,F,0
2,male,36,36,36,0,0,13,S,0,Mr,,D,D,0
2,female,54,54,54,1,3,23,S,1,Mrs,,F,F,1
2,male,50,50,50,0,0,13,S,0,Mr,,F,D,0
2,male,44,44,44,1,0,26,S,0,Mr,,F,E,0
2,female,29,29,29,1,0,26,S,1,Mrs,,F,F,1
2,male,21,21,21,0,0,73.5,S,0,Mr,,F,F,0
2,male,42,42,42,0,0,13,S,1,Mr,,D,D,1
2,male,63,63,63,1,0,26,S,0,Mr,,F,E,0
2,female,60,60,60,1,0,26,S,0,Mrs,,F,E,0
2,male,33,33,33,0,0,12.275,S,0,Mr,,F,E,0
2,female,17,17,17,0,0,10.5,S,0,Miss,,F,E,1
2,male,42,42,42,1,0,27,S,0,Mr,,F,E,0
2,female,24,24,24,2,1,27,S,1,Mrs,,F,F,1
2,male,47,47,47,0,0,15,S,0,Mr,,D,D,0
2,male,24,24,24,2,0,31.5,S,0,Mr,,F,F,0
2,male,22,22,22,2,0,31.5,S,0,Mr,,F,F,0
2,male,32,32,32,0,0,10.5,S,0,Mr,,F,F,0
2,female,23,23,23,0,0,13.7917,C,1,Mrs,4,D,D,1
2,male,34,34,34,1,0,26,S,0,Mr,,F,E,0
2,female,24,24,24,1,0,26,S,1,Mrs,,F,F,1
2,female,22,22,22,0,0,21,S,0,Mrs,,F,F,0
2,female,,28.18492249,30,0,0,12.35,Q,1,Miss,5,E,E,1
2,male,35,35,35,0,0,12.35,Q,0,Mr,,D,D,0
2,female,45,45,45,0,0,13.5,S,1,Mrs,,D,D,1
2,male,57,57,57,0,0,12.35,Q,0,rare_title,,D,D,0
2,male,,38.53508771,22.4,0,0,0,S,0,Mr,,F,F,0
2,male,31,31,31,0,0,10.5,S,0,Mr,,F,F,0
2,female,26,26,26,1,1,26,S,0,Mrs,,F,F,0
2,male,30,30,30,1,1,26,S,0,rare_title,,F,F,0
2,male,,44.21224769,59.2,0,0,10.7083,Q,0,Mr,,F,D,0
2,female,1,1,1,1,2,41.5792,C,1,Miss,,F,E,1
2,female,3,3,3,1,2,41.5792,C,1,Miss,,F,E,1
2,male,25,25,25,1,2,41.5792,C,0,Mr,,F,E,0
2,female,22,22,22,1,2,41.5792,C,1,Mrs,,F,E,1
2,female,17,17,17,0,0,12,C,1,Miss,,D,D,1
2,female,,22.17488827,20.4,0,0,33,S,1,Miss,,F,F,1
2,female,34,34,34,0,0,10.5,S,1,Mrs,6,F,F,1
2,male,36,36,36,0,0,12.875,C,0,Mr,4,D,D,0
2,male,24,24,24,0,0,10.5,S,0,Mr,,F,F,0
2,male,61,61,61,0,0,12.35,Q,0,Mr,,D,D,0
2,male,50,50,50,1,0,26,S,0,Mr,,F,E,0
2,female,42,42,42,1,0,26,S,0,Mrs,,F,E,1
2,female,57,57,57,0,0,10.5,S,0,Mrs,5,E,E,0
2,male,,29.73721802,32,0,0,15.0458,C,0,Mr,4,D,D,0
2,male,1,1,1,0,2,37.0042,C,1,Master,,F,E,1
2,male,31,31,31,1,1,37.0042,C,0,Mr,,F,E,0
2,female,24,24,24,1,1,37.0042,C,1,Mrs,,F,E,1
2,male,,30.21924659,32,0,0,15.5792,C,0,Mr,,D,D,0
2,male,30,30,30,0,0,13,S,0,Mr,,F,E,0
2,male,40,40,40,0,0,16,S,0,Mr,,D,D,0
2,male,32,32,32,0,0,13.5,S,0,Mr,,D,E,0
2,male,30,30,30,0,0,13,S,0,Mr,,F,E,0
2,male,46,46,46,0,0,26,S,0,Mr,,F,E,0
2,female,13,13,13,0,1,19.5,S,1,Miss,,F,F,1
2,female,41,41,41,0,1,19.5,S,1,Mrs,,D,E,1
2,male,19,19,19,0,0,10.5,S,1,Mr,,F,F,1
2,male,39,39,39,0,0,13,S,0,Mr,,F,D,0
2,male,48,48,48,0,0,13,S,0,Mr,,F,D,0
2,male,70,70,70,0,0,10.5,S,0,Mr,,F,E,0
2,male,27,27,27,0,0,13,S,0,rare_title,,F,F,0
2,male,54,54,54,0,0,14,S,0,rare_title,,D,D,0
2,male,39,39,39,0,0,26,S,0,Mr,,F,E,0
2,male,16,16,16,0,0,10.5,S,0,Mr,,F,F,0
2,male,62,62,62,0,0,9.6875,Q,0,Mr,,F,E,0
2,male,32.5,32.5,32.5,1,0,30.0708,C,0,Mr,,D,D,0
2,female,14,14,14,1,0,30.0708,C,0,Mrs,,F,D,1
2,male,2,2,2,1,1,26,S,1,Master,6,F,F,1
2,male,3,3,3,1,1,26,S,1,Master,6,F,F,1
2,male,36.5,36.5,36.5,0,2,26,S,0,Mr,6,F,F,0
2,male,26,26,26,0,0,13,S,0,Mr,6,F,F,0
2,male,19,19,19,1,1,36.75,S,0,Mr,,F,F,0
2,male,28,28,28,0,0,13.5,S,0,Mr,,F,F,0
2,male,20,20,20,0,0,13.8625,C,1,Mr,4,D,D,1
2,female,29,29,29,0,0,10.5,S,1,Mrs,6,F,F,1
2,male,39,39,39,0,0,13,S,0,Mr,,F,D,0
2,male,22,22,22,0,0,10.5,S,1,Mr,,F,F,1
2,male,,27.63643777,20,0,0,13.8625,C,1,Mr,,D,D,1
2,male,23,23,23,0,0,10.5,S,0,rare_title,,F,F,0
2,male,29,29,29,0,0,13.8583,C,1,Mr,,D,D,1
2,male,28,28,28,0,0,10.5,S,0,Mr,,F,F,0
2,male,,38.53508771,22.4,0,0,0,S,0,Mr,,F,F,0
2,female,50,50,50,0,1,26,S,1,Mrs,,F,F,1
2,male,19,19,19,0,0,10.5,S,0,Mr,,F,F,0
2,male,,29.73721802,32,0,0,15.05,C,0,Mr,,D,D,0
2,male,41,41,41,0,0,13,S,0,rare_title,,D,D,0
2,female,21,21,21,0,1,21,S,1,Miss,,F,F,1
2,female,19,19,19,0,0,26,S,1,Miss,,F,F,1
2,male,43,43,43,0,1,21,S,0,Mr,,F,F,0
2,female,32,32,32,0,0,13,S,1,Mrs,,D,D,1
2,male,34,34,34,0,0,13,S,0,Mr,,F,D,0
2,male,30,30,30,0,0,12.7375,C,1,Mr,,D,D,1
2,male,27,27,27,0,0,15.0333,C,0,Mr,,D,D,0
2,female,2,2,2,1,1,26,S,1,Miss,,F,F,1
2,female,8,8,8,1,1,26,S,1,Miss,,F,F,1
2,female,33,33,33,0,2,26,S,1,Mrs,,F,F,1
2,male,36,36,36,0,0,10.5,S,0,Mr,,F,E,0
2,male,34,34,34,1,0,21,S,1,Mr,,D,E,0
2,female,30,30,30,3,0,21,S,0,Mrs,,F,E,1
2,female,28,28,28,0,0,13,S,1,Miss,,E,F,1
2,male,23,23,23,0,0,15.0458,C,0,Mr,,D,D,0
2,male,0.8333,0.8333,0.8333,1,1,18.75,S,1,Master,,F,F,1
2,male,3,3,3,1,1,18.75,S,1,Master,,F,F,1
2,female,24,24,24,2,3,18.75,S,1,Mrs,,F,F,1
2,female,50,50,50,0,0,10.5,S,1,Miss,,E,E,1
2,male,19,19,19,0,0,10.5,S,0,Mr,,F,F,0
2,female,21,21,21,0,0,10.5,S,1,Miss,,F,E,1
2,male,26,26,26,0,0,13,S,0,Mr,,F,F,0
2,male,25,25,25,0,0,13,S,0,Mr,,F,F,0
2,male,27,27,27,0,0,26,S,0,Mr,,F,F,0
2,female,25,25,25,0,1,26,S,1,Mrs,,F,F,1
2,female,18,18,18,0,2,13,S,1,Miss,,F,F,1
2,female,20,20,20,0,0,36.75,S,1,Miss,,F,F,1
2,female,30,30,30,0,0,13,S,1,Miss,,E,E,1
2,male,59,59,59,0,0,13.5,S,0,Mr,,D,D,0
2,female,30,30,30,0,0,12.35,Q,1,Miss,,E,E,1
2,male,35,35,35,0,0,10.5,S,0,Mr,,F,E,0
2,female,40,40,40,0,0,13,S,1,Miss,,E,E,1
2,male,25,25,25,0,0,13,S,0,Mr,,F,F,0
2,male,41,41,41,0,0,15.0458,C,0,Mr,,D,D,0
2,male,25,25,25,0,0,10.5,S,0,Mr,,F,F,0
2,male,18.5,18.5,18.5,0,0,13,S,0,Mr,6,F,F,0
2,male,14,14,14,0,0,65,S,0,Mr,,F,F,0
2,female,50,50,50,0,0,10.5,S,1,Miss,,E,E,1
2,male,23,23,23,0,0,13,S,0,Mr,,F,F,0
2,female,28,28,28,0,0,12.65,S,0,Mrs,,F,E,1
2,female,27,27,27,0,0,10.5,S,1,Miss,5,E,E,1
2,male,29,29,29,1,0,21,S,0,Mr,,F,F,0
2,female,27,27,27,1,0,21,S,0,Mrs,,F,F,0
2,male,40,40,40,0,0,13,S,0,Mr,,F,D,0
2,female,31,31,31,0,0,21,S,1,Miss,,E,E,1
2,male,30,30,30,1,0,21,S,0,Mr,,F,F,0
2,male,23,23,23,1,0,10.5,S,0,Mr,,F,F,0
2,female,31,31,31,0,0,21,S,1,Mrs,,D,E,1
2,male,,38.53508771,22.4,0,0,0,S,0,Mr,,F,F,0
2,female,12,12,12,0,0,15.75,S,1,Miss,,F,F,1
2,female,40,40,40,0,0,15.75,S,1,Mrs,,D,D,1
2,female,32.5,32.5,32.5,0,0,13,S,1,Miss,5,E,E,1
2,male,27,27,27,1,0,26,S,0,Mr,,F,F,0
2,female,29,29,29,1,0,26,S,1,Mrs,,F,F,1
2,male,2,2,2,1,1,23,S,1,Master,,F,F,1
2,female,4,4,4,1,1,23,S,1,Miss,,F,F,1
2,female,29,29,29,0,2,23,S,1,Mrs,,F,F,1
2,female,0.9167,0.9167,0.9167,1,2,27.75,S,1,Miss,,F,F,1
2,female,5,5,5,1,2,27.75,S,1,Miss,,F,F,1
2,male,36,36,36,1,2,27.75,S,0,Mr,,F,F,0
2,female,33,33,33,1,2,27.75,S,1,Mrs,,F,F,1
2,male,66,66,66,0,0,10.5,S,0,Mr,,F,E,0
2,male,,30.60482744,32.1,0,0,12.875,S,0,Mr,,F,E,0
2,male,31,31,31,0,0,13,S,1,Mr,,D,E,1
2,male,,32.35808704,38,0,0,13,S,1,Mr,,D,D,1
2,female,26,26,26,0,0,13.5,S,1,Miss,,F,F,1
2,female,24,24,24,0,0,13,S,0,Miss,,F,F,0
3,male,42,42,42,0,0,7.55,S,0,Mr,,F,F,0
3,male,13,13,13,0,2,20.25,S,0,Master,,F,E,0
3,male,16,16,16,1,1,20.25,S,0,Mr,,F,E,0
3,female,35,35,35,1,1,20.25,S,1,Mrs,,G,F,1
3,female,16,16,16,0,0,7.65,S,1,Miss,,F,F,1
3,male,25,25,25,0,0,7.65,S,1,Mr,6,F,F,1
3,male,20,20,20,0,0,7.925,S,1,Mr,,F,F,1
3,female,18,18,18,0,0,7.2292,C,1,Mrs,,F,F,1
3,male,30,30,30,0,0,7.25,S,0,Mr,,F,F,0
3,male,26,26,26,0,0,8.05,S,0,Mr,,F,F,0
3,female,40,40,40,1,0,9.475,S,0,Mrs,,G,F,0
3,male,0.8333,0.8333,0.8333,0,1,9.35,S,1,Master,,E,E,1
3,female,18,18,18,0,1,9.35,S,1,Mrs,,G,F,1
3,male,26,26,26,0,0,18.7875,C,1,Mr,,D,E,1
3,male,26,26,26,0,0,7.8875,S,0,Mr,,F,F,0
3,male,20,20,20,0,0,7.925,S,0,Mr,,F,F,0
3,male,24,24,24,0,0,7.05,S,0,Mr,,F,F,0
3,male,25,25,25,0,0,7.05,S,0,Mr,,F,F,0
3,male,35,35,35,0,0,8.05,S,0,Mr,,F,F,0
3,male,18,18,18,0,0,8.3,S,0,Mr,,F,F,0
3,male,32,32,32,0,0,22.525,S,0,Mr,,F,E,0
3,female,19,19,19,1,0,7.8542,S,1,Miss,,F,F,1
3,male,4,4,4,4,2,31.275,S,0,Master,,F,E,0
3,female,6,6,6,4,2,31.275,S,0,Miss,,F,G,0
3,female,2,2,2,4,2,31.275,S,0,Miss,,F,G,0
3,female,17,17,17,4,2,7.925,S,1,Miss,,G,F,1
3,female,38,38,38,4,2,7.775,S,0,Miss,,G,G,0
3,female,9,9,9,4,2,31.275,S,0,Miss,,F,G,0
3,female,11,11,11,4,2,31.275,S,0,Miss,,F,G,0
3,male,39,39,39,1,5,31.275,S,0,Mr,,F,E,0
3,male,27,27,27,0,0,7.7958,S,1,Mr,,F,F,1
3,male,26,26,26,0,0,7.775,S,0,Mr,,F,F,0
3,female,39,39,39,1,5,31.275,S,0,Mrs,,F,G,0
3,male,20,20,20,0,0,7.8542,S,0,Mr,,F,F,0
3,male,26,26,26,0,0,7.8958,S,0,Mr,,F,F,0
3,male,25,25,25,1,0,17.8,S,0,Mr,,F,F,0
3,female,18,18,18,1,0,17.8,S,0,Mrs,,G,G,0
3,male,24,24,24,0,0,7.775,S,0,Mr,,F,F,0
3,male,35,35,35,0,0,7.05,S,0,Mr,,F,F,0
3,male,5,5,5,4,2,31.3875,S,0,Master,,F,E,0
3,male,9,9,9,4,2,31.3875,S,0,Master,,F,E,0
3,male,3,3,3,4,2,31.3875,S,1,Master,,F,E,1
3,male,13,13,13,4,2,31.3875,S,0,Master,,F,E,0
3,female,5,5,5,4,2,31.3875,S,1,Miss,,F,F,1
3,male,40,40,40,1,5,31.3875,S,0,Mr,,F,E,0
3,male,23,23,23,0,0,7.7958,S,1,Mr,,F,F,1
3,female,38,38,38,1,5,31.3875,S,1,Mrs,,F,F,1
3,female,45,45,45,0,0,7.225,C,1,Mrs,,F,E,1
3,male,21,21,21,0,0,7.225,C,0,Mr,,F,F,0
3,male,23,23,23,0,0,7.05,S,0,Mr,,F,F,0
3,female,17,17,17,0,0,14.4583,C,0,Miss,,F,F,0
3,male,30,30,30,0,0,7.225,C,0,Mr,,F,F,0
3,male,23,23,23,0,0,7.8542,S,0,Mr,,F,F,0
3,female,13,13,13,0,0,7.2292,C,1,Miss,,F,F,1
3,male,20,20,20,0,0,7.225,C,0,Mr,,F,F,0
3,male,32,32,32,1,0,15.85,S,1,Mr,,E,E,0
3,female,33,33,33,3,0,15.85,S,0,Mrs,,G,F,1
3,female,0.75,0.75,0.75,2,1,19.2583,C,1,Miss,,G,F,1
3,female,0.75,0.75,0.75,2,1,19.2583,C,1,Miss,,G,F,1
3,female,5,5,5,2,1,19.2583,C,1,Miss,,G,F,1
3,female,24,24,24,0,3,19.2583,C,1,Mrs,,G,F,1
3,female,18,18,18,0,0,8.05,S,1,Miss,,F,F,1
3,male,40,40,40,0,0,7.225,C,0,Mr,,F,F,0
3,male,26,26,26,0,0,7.8958,S,0,Mr,,F,F,0
3,male,20,20,20,0,0,7.2292,C,1,Mr,,F,F,1
3,female,18,18,18,0,1,14.4542,C,0,Miss,,G,G,0
3,female,45,45,45,0,1,14.4542,C,0,Mrs,,D,F,0
3,female,27,27,27,0,0,7.8792,Q,0,Miss,,F,F,0
3,male,22,22,22,0,0,8.05,S,0,Mr,,F,F,0
3,male,19,19,19,0,0,8.05,S,0,Mr,,F,F,0
3,male,26,26,26,0,0,7.775,S,0,Mr,,F,F,0
3,male,22,22,22,0,0,9.35,S,0,Mr,,F,F,0
3,male,,14.25938855,17,0,0,7.2292,C,0,Master,,F,F,0
3,male,20,20,20,0,0,4.0125,C,0,Mr,,F,F,0
3,male,32,32,32,0,0,56.4958,S,1,Mr,,F,E,1
3,male,21,21,21,0,0,7.775,S,0,Mr,,F,F,0
3,male,18,18,18,0,0,7.75,S,0,Mr,,F,F,0
3,male,26,26,26,0,0,7.8958,S,0,Mr,,F,F,0
3,male,6,6,6,1,1,15.2458,C,0,Master,,F,E,0
3,female,9,9,9,1,1,15.2458,C,0,Miss,,G,G,0
3,male,,27.81302367,28.61111111,0,0,7.225,C,0,Mr,,F,F,0
3,female,,28.89255088,38.3,0,2,15.2458,C,0,Mrs,,G,F,0
3,female,,17.974589,24.2,0,2,7.75,Q,0,Miss,,F,G,0
3,male,40,40,40,1,1,15.5,Q,0,Mr,,F,E,0
3,female,32,32,32,1,1,15.5,Q,0,Mrs,,G,G,0
3,male,21,21,21,0,0,16.1,S,0,Mr,,F,F,0
3,female,22,22,22,0,0,7.725,Q,1,Miss,,F,F,1
3,female,20,20,20,0,0,7.8542,S,0,Miss,,F,G,0
3,male,29,29,29,1,0,7.0458,S,0,Mr,,F,F,0
3,male,22,22,22,1,0,7.25,S,0,Mr,,F,F,0
3,male,22,22,22,0,0,7.7958,S,0,Mr,,F,F,0
3,male,35,35,35,0,0,8.05,S,0,Mr,,F,F,0
3,female,18.5,18.5,18.5,0,0,7.2833,Q,0,Miss,,F,F,0
3,male,21,21,21,0,0,7.8208,Q,1,Mr,,F,F,1
3,male,19,19,19,0,0,6.75,Q,0,Mr,,F,F,0
3,female,18,18,18,0,0,7.8792,Q,0,Miss,,F,F,0
3,female,21,21,21,0,0,8.6625,S,0,Miss,,F,F,0
3,female,30,30,30,0,0,8.6625,S,0,Miss,,E,F,0
3,male,18,18,18,0,0,8.6625,S,0,Mr,,F,F,0
3,male,38,38,38,0,0,8.6625,S,0,Mr,,F,E,0
3,male,17,17,17,0,0,8.6625,S,0,Mr,,F,F,0
3,male,17,17,17,0,0,8.6625,S,0,Mr,,F,F,0
3,female,21,21,21,0,0,7.75,Q,0,Miss,,F,F,0
3,male,21,21,21,0,0,7.75,Q,0,Mr,,F,F,0
3,male,21,21,21,0,0,8.05,S,0,Mr,,F,F,0
3,male,,23.48592701,23.66666667,1,0,14.4583,C,0,Mr,,F,E,0
3,female,,22.27710495,38.9,1,0,14.4583,C,0,Mrs,,D,F,0
3,male,28,28,28,0,0,7.7958,S,0,Mr,,F,F,0
3,male,24,24,24,0,0,7.8542,S,0,Mr,,F,F,0
3,female,16,16,16,0,0,7.75,Q,1,Miss,,F,F,1
3,female,37,37,37,0,0,7.75,Q,0,Miss,,F,F,0
3,male,28,28,28,0,0,7.25,S,0,Mr,,F,F,0
3,male,24,24,24,0,0,8.05,S,0,Mr,,F,F,0
3,male,21,21,21,0,0,7.7333,Q,0,Mr,,F,F,0
3,male,32,32,32,0,0,56.4958,S,1,Mr,,F,E,1
3,male,29,29,29,0,0,8.05,S,0,Mr,,F,F,0
3,male,26,26,26,1,0,14.4542,C,0,Mr,,F,E,0
3,male,18,18,18,1,0,14.4542,C,0,Mr,,F,E,0
3,male,20,20,20,0,0,7.05,S,0,Mr,,F,F,0
3,male,18,18,18,0,0,8.05,S,1,Mr,,F,F,1
3,male,24,24,24,0,0,7.25,Q,0,Mr,,F,F,0
3,male,36,36,36,0,0,7.4958,S,0,Mr,,F,F,0
3,male,24,24,24,0,0,7.4958,S,0,Mr,,F,F,0
3,male,31,31,31,0,0,7.7333,Q,0,Mr,,F,F,0
3,male,31,31,31,0,0,7.75,Q,0,Mr,,F,F,0
3,female,22,22,22,0,0,7.75,Q,1,Miss,,F,F,1
3,female,30,30,30,0,0,7.6292,Q,0,Miss,,F,F,0
3,male,70.5,70.5,70.5,0,0,7.75,Q,0,Mr,,F,F,0
3,male,43,43,43,0,0,8.05,S,0,Mr,,F,F,0
3,male,35,35,35,0,0,7.8958,S,0,Mr,,F,F,0
3,male,27,27,27,0,0,7.8958,S,0,Mr,,F,F,0
3,male,19,19,19,0,0,7.8958,S,0,Mr,,F,F,0
3,male,30,30,30,0,0,8.05,S,0,Mr,,F,F,0
3,male,9,9,9,1,1,15.9,S,1,Master,,G,E,1
3,male,3,3,3,1,1,15.9,S,1,Master,,G,E,1
3,female,36,36,36,0,2,15.9,S,1,Mrs,,G,F,1
3,male,59,59,59,0,0,7.25,S,0,Mr,,F,F,0
3,male,19,19,19,0,0,8.1583,S,0,Mr,,F,F,0
3,female,17,17,17,0,1,16.1,S,1,Miss,,G,G,1
3,male,44,44,44,0,1,16.1,S,0,Mr,,F,E,0
3,male,17,17,17,0,0,8.6625,S,0,Mr,,F,F,0
3,male,22.5,22.5,22.5,0,0,7.225,C,0,Mr,,F,F,0
3,male,45,45,45,0,0,8.05,S,1,Mr,,E,E,1
3,female,22,22,22,0,0,10.5167,S,0,Miss,,F,F,0
3,male,19,19,19,0,0,10.1708,S,0,Mr,,F,F,0
3,female,30,30,30,0,0,6.95,Q,1,Miss,,F,F,1
3,male,29,29,29,0,0,7.75,Q,1,Mr,,F,F,1
3,male,0.3333,0.3333,0.3333,0,2,14.4,S,0,Master,,G,E,0
3,male,34,34,34,1,1,14.4,S,0,Mr,,G,E,0
3,female,28,28,28,1,1,14.4,S,0,Mrs,,G,G,0
3,male,27,27,27,0,0,7.8958,S,0,Mr,,F,F,0
3,male,25,25,25,0,0,7.8958,S,0,Mr,,F,F,0
3,male,24,24,24,2,0,24.15,S,0,Mr,,F,F,0
3,male,22,22,22,0,0,8.05,S,0,Mr,,F,F,0
3,male,21,21,21,2,0,24.15,S,0,Mr,,F,F,0
3,male,17,17,17,2,0,8.05,S,0,Mr,,F,F,0
3,male,,28.59470755,27,1,0,16.1,S,0,Mr,,F,F,0
3,female,,29.19513462,28,1,0,16.1,S,1,Mrs,,G,F,1
3,male,36.5,36.5,36.5,1,0,17.4,S,1,Mr,,D,E,1
3,female,36,36,36,1,0,17.4,S,1,Mrs,,D,F,1
3,male,30,30,30,0,0,9.5,S,1,Mr,,E,E,1
3,male,16,16,16,0,0,9.5,S,0,Mr,,F,F,0
3,male,1,1,1,1,2,20.575,S,1,Master,,F,E,1
3,female,0.1667,0.1667,0.1667,1,2,20.575,S,1,Miss,,G,G,1
3,male,26,26,26,1,2,20.575,S,0,Mr,,F,E,0
3,female,33,33,33,1,2,20.575,S,1,Mrs,,G,F,1
3,male,25,25,25,0,0,7.8958,S,0,Mr,,F,F,0
3,male,,27.80279362,27.34615385,0,0,7.8958,S,0,Mr,,F,F,0
3,male,,27.80279362,27.34615385,0,0,7.8958,S,0,Mr,,F,F,0
3,male,22,22,22,0,0,7.25,S,0,Mr,,F,F,0
3,male,36,36,36,0,0,7.25,S,0,Mr,,F,F,0
3,female,19,19,19,0,0,7.8792,Q,1,Miss,,F,F,1
3,male,17,17,17,0,0,7.8958,S,0,Mr,,F,F,0
3,male,42,42,42,0,0,8.6625,S,0,Mr,,F,E,0
3,male,43,43,43,0,0,7.8958,S,0,Mr,,F,F,0
3,male,,27.86699811,24.5,0,0,7.2292,C,0,Mr,,F,F,0
3,male,32,32,32,0,0,7.75,Q,0,Mr,,F,F,0
3,male,19,19,19,0,0,8.05,S,1,Mr,,F,F,1
3,female,30,30,30,0,0,12.475,S,1,Miss,,E,E,1
3,female,24,24,24,0,0,7.75,Q,0,Miss,,F,F,0
3,female,23,23,23,0,0,8.05,S,0,Miss,,F,F,1
3,male,33,33,33,0,0,7.8958,C,0,Mr,,F,F,0
3,male,65,65,65,0,0,7.75,Q,0,Mr,,F,F,0
3,male,24,24,24,0,0,7.55,S,1,Mr,,F,F,1
3,male,23,23,23,1,0,13.9,S,0,Mr,,F,F,0
3,female,22,22,22,1,0,13.9,S,1,Mrs,,G,F,1
3,male,18,18,18,0,0,7.775,S,0,Mr,,F,F,0
3,male,16,16,16,0,0,7.775,S,0,Mr,,F,F,0
3,male,45,45,45,0,0,6.975,S,0,Mr,,F,F,0
3,male,,27.81302367,28.61111111,0,0,7.225,C,0,Mr,,F,F,0
3,male,39,39,39,0,2,7.2292,C,0,Mr,,F,F,0
3,male,17,17,17,1,1,7.2292,C,0,Mr,,F,F,0
3,male,15,15,15,1,1,7.2292,C,0,Mr,,F,F,0
3,male,47,47,47,0,0,7.25,S,0,Mr,,F,F,0
3,female,5,5,5,0,0,12.475,S,1,Miss,,E,F,1
3,male,,27.81302367,28.61111111,0,0,7.225,C,0,Mr,,F,F,0
3,male,40.5,40.5,40.5,0,0,15.1,S,0,Mr,,F,E,0
3,male,40.5,40.5,40.5,0,0,7.75,Q,0,Mr,,F,F,0
3,male,,26.6100904,24.1,0,0,7.05,S,1,Mr,,F,F,1
3,male,18,18,18,0,0,7.7958,S,0,Mr,,F,F,0
3,female,,24.89018104,34.16666667,0,0,7.75,Q,0,Miss,,F,F,0
3,male,,31.93095958,31.125,0,0,7.75,Q,0,Mr,,F,F,0
3,male,,29.09200502,20,0,0,6.95,Q,0,Mr,,F,F,0
3,male,26,26,26,0,0,7.8792,Q,0,Mr,,F,F,0
3,male,,31.93095958,31.125,0,0,7.75,Q,0,Mr,,F,F,0
3,male,,28.98349796,32,0,0,56.4958,S,1,Mr,,F,E,1
3,female,21,21,21,2,2,34.375,S,0,Miss,,F,G,0
3,female,9,9,9,2,2,34.375,S,0,Miss,,F,G,0
3,male,,28.42543719,28.2962963,0,0,8.05,S,0,Mr,,F,F,0
3,male,18,18,18,2,2,34.375,S,0,Mr,,F,E,0
3,male,16,16,16,1,3,34.375,S,0,Mr,,F,E,0
3,female,48,48,48,1,3,34.375,S,0,Mrs,,F,G,0
3,male,,31.93095958,31.125,0,0,7.75,Q,0,Mr,,F,F,0
3,male,,28.38768599,27,0,0,7.25,S,0,Mr,,F,F,0
3,male,25,25,25,0,0,7.7417,Q,0,Mr,,F,F,0
3,male,,29.57684481,19,0,0,14.5,S,0,Mr,,F,F,0
3,male,,29.01395485,34,0,0,7.8958,C,0,Mr,,F,F,0
3,male,22,22,22,0,0,8.05,S,0,Mr,,F,F,0
3,female,16,16,16,0,0,7.7333,Q,1,Miss,,F,F,1
3,female,,21.95947243,20.66666667,0,0,7.75,Q,1,Miss,,F,F,1
3,male,9,9,9,0,2,20.525,S,1,Master,,F,E,1
3,male,33,33,33,1,1,20.525,S,0,Mr,,F,E,0
3,male,41,41,41,0,0,7.85,S,0,Mr,,F,F,0
3,female,31,31,31,1,1,20.525,S,1,Mrs,,G,F,1
3,male,38,38,38,0,0,7.05,S,0,Mr,,F,F,0
3,male,9,9,9,5,2,46.9,S,0,Master,,F,E,0
3,male,1,1,1,5,2,46.9,S,0,Master,,F,E,0
3,male,11,11,11,5,2,46.9,S,0,Master,,F,E,0
3,female,10,10,10,5,2,46.9,S,0,Miss,,F,G,0
3,female,16,16,16,5,2,46.9,S,0,Miss,,F,G,0
3,male,14,14,14,5,2,46.9,S,0,Mr,,F,E,0
3,male,40,40,40,1,6,46.9,S,0,Mr,,F,E,0
3,female,43,43,43,1,6,46.9,S,0,Mrs,,F,G,0
3,male,51,51,51,0,0,8.05,S,0,Mr,,F,F,0
3,male,32,32,32,0,0,8.3625,S,0,Mr,,F,F,0
3,male,,28.42543719,28.2962963,0,0,8.05,S,0,Mr,,F,F,0
3,male,20,20,20,0,0,9.8458,S,0,Mr,,F,F,0
3,male,37,37,37,2,0,7.925,S,0,Mr,,F,F,0
3,male,28,28,28,2,0,7.925,S,0,Mr,,F,F,0
3,male,19,19,19,0,0,7.775,S,0,Mr,,F,F,0
3,female,24,24,24,0,0,8.85,S,0,Miss,,F,F,0
3,female,17,17,17,0,0,7.7333,Q,0,Miss,,F,F,0
3,male,,28.05017448,24.4,1,0,19.9667,S,0,Mr,,F,F,0
3,male,,28.05017448,24.4,1,0,19.9667,S,0,Mr,,F,F,0
3,male,28,28,28,1,0,15.85,S,0,Mr,,F,E,0
3,female,24,24,24,1,0,15.85,S,1,Mrs,,G,F,1
3,male,20,20,20,0,0,9.5,S,0,Mr,,F,F,0
3,male,23.5,23.5,23.5,0,0,7.2292,C,0,Mr,,F,F,0
3,male,41,41,41,2,0,14.1083,S,0,Mr,,F,E,0
3,male,26,26,26,1,0,7.8542,S,0,Mr,,F,F,0
3,male,21,21,21,0,0,7.8542,S,0,Mr,,F,F,0
3,female,45,45,45,1,0,14.1083,S,1,Mrs,,D,E,1
3,female,,24.6617929,45,0,0,7.55,S,0,Miss,,F,F,0
3,male,25,25,25,0,0,7.25,S,1,Mr,,F,F,0
3,male,,29.00747913,19,0,0,6.8583,Q,0,Mr,,F,F,0
3,male,11,11,11,0,0,18.7875,C,0,Mr,,F,E,0
3,female,,21.95947243,20.66666667,0,0,7.75,Q,1,Miss,,F,F,1
3,male,27,27,27,0,0,6.975,S,1,Mr,,F,F,1
3,male,,28.98349796,32,0,0,56.4958,S,1,Mr,,F,E,1
3,female,18,18,18,0,0,6.75,Q,0,Miss,,F,F,0
3,female,26,26,26,0,0,7.925,S,0,Miss,,F,F,1
3,female,23,23,23,0,0,7.925,S,0,Miss,,F,G,0
3,female,22,22,22,0,0,8.9625,S,1,Miss,,F,F,1
3,male,28,28,28,0,0,7.8958,S,0,Mr,,F,F,0
3,female,28,28,28,0,0,7.775,S,0,Miss,,F,F,0
3,female,,24.89018104,34.16666667,0,0,7.75,Q,0,Miss,,F,F,0
3,female,2,2,2,0,1,12.2875,S,1,Miss,,G,G,1
3,female,22,22,22,1,1,12.2875,S,1,Mrs,,G,F,1
3,male,43,43,43,0,0,6.45,S,0,Mr,,F,F,0
3,male,28,28,28,0,0,22.525,S,0,Mr,,F,E,0
3,female,27,27,27,0,0,7.925,S,0,Miss,,E,F,1
3,male,,31.93095958,31.125,0,0,7.75,Q,0,Mr,,F,F,0
3,female,,21.85164566,20.5,0,0,8.05,S,1,Miss,,F,F,1
3,male,42,42,42,0,0,7.65,S,0,Mr,6,F,F,0
3,male,,26.74462919,36.5,0,0,7.8875,S,1,Mr,,F,E,1
3,male,30,30,30,0,0,7.2292,C,0,Mr,,F,F,0
3,male,,27.80279362,27.34615385,0,0,7.8958,S,0,Mr,,F,F,0
3,female,27,27,27,1,0,7.925,S,0,Miss,,E,G,0
3,female,25,25,25,1,0,7.925,S,0,Miss,,F,G,0
3,male,,27.80279362,27.34615385,0,0,7.8958,S,0,Mr,,F,F,0
3,male,29,29,29,0,0,7.8958,C,1,Mr,,F,E,1
3,male,21,21,21,0,0,7.7958,S,1,Mr,,F,F,1
3,male,,28.30485443,27.14285714,0,0,7.05,S,0,Mr,,F,F,0
3,male,20,20,20,0,0,7.8542,S,0,Mr,,F,F,0
3,male,48,48,48,0,0,7.8542,S,0,Mr,,F,F,0
3,male,17,17,17,1,0,7.0542,S,0,Mr,,F,F,0
3,female,,21.95947243,20.66666667,0,0,7.75,Q,1,Miss,,F,F,1
3,male,,26.59644765,17.8,0,0,8.1125,S,1,Mr,,F,F,1
3,male,34,34,34,0,0,6.4958,S,0,Mr,,F,F,0
3,male,26,26,26,0,0,7.775,S,1,Mr,,F,F,1
3,male,22,22,22,0,0,7.7958,S,0,Mr,,F,F,0
3,male,33,33,33,0,0,8.6542,S,0,Mr,,F,E,0
3,male,31,31,31,0,0,7.775,S,0,Mr,,F,F,0
3,male,29,29,29,0,0,7.8542,S,0,Mr,,F,F,0
3,male,4,4,4,1,1,11.1333,S,1,Master,,G,E,1
3,female,1,1,1,1,1,11.1333,S,1,Miss,,G,G,1
3,male,49,49,49,0,0,0,S,0,Mr,,F,F,0
3,male,33,33,33,0,0,7.775,S,0,Mr,,F,F,0
3,male,19,19,19,0,0,0,S,0,Mr,,F,F,0
3,female,27,27,27,0,2,11.1333,S,1,Mrs,,E,E,1
3,male,,8.863194265,8.8,1,2,23.45,S,0,Master,,F,E,0
3,female,,8.789808137,9.51667,1,2,23.45,S,0,Miss,,F,G,0
3,male,,29.91161783,23.3,1,2,23.45,S,0,Mr,,F,E,0
3,female,,30.74801993,36.6,1,2,23.45,S,0,Mrs,,G,G,0
3,male,23,23,23,0,0,7.8958,S,0,Mr,,F,F,0
3,male,32,32,32,0,0,7.8542,S,1,Mr,,F,E,1
3,male,27,27,27,0,0,7.8542,S,0,Mr,,F,F,0
3,female,20,20,20,1,0,9.825,S,0,Miss,,F,F,0
3,female,21,21,21,1,0,9.825,S,0,Miss,,F,F,0
3,male,32,32,32,0,0,7.925,S,1,Mr,,E,E,1
3,male,17,17,17,0,0,7.125,S,0,Mr,,F,F,0
3,male,21,21,21,0,0,8.4333,S,0,Mr,,F,F,0
3,male,30,30,30,0,0,7.8958,S,0,Mr,,F,F,0
3,male,21,21,21,0,0,7.7958,S,1,Mr,,F,F,1
3,male,33,33,33,0,0,7.8542,S,0,Mr,,F,F,0
3,male,22,22,22,0,0,7.5208,S,0,Mr,,F,F,0
3,female,4,4,4,0,1,13.4167,C,1,Miss,,G,F,1
3,male,39,39,39,0,1,13.4167,C,1,Mr,,D,E,1
3,male,,27.86699811,24.5,0,0,7.2292,C,0,Mr,,F,F,0
3,male,18.5,18.5,18.5,0,0,7.2292,C,0,Mr,,F,F,0
3,male,,31.93095958,31.125,0,0,7.75,Q,0,Mr,,F,F,0
3,male,,26.48350666,27,0,0,7.25,S,1,Mr,,F,F,0
3,female,,21.95947243,20.66666667,0,0,7.75,Q,1,Miss,,F,F,1
3,female,,21.95947243,20.66666667,0,0,7.75,Q,1,Miss,,F,F,1
3,male,34.5,34.5,34.5,0,0,7.8292,Q,0,Mr,,F,F,0
3,male,44,44,44,0,0,8.05,S,0,Mr,,F,F,0
3,male,,31.93095958,29,0,0,7.75,Q,0,Mr,,F,F,1
3,male,,23.49026035,23.66666667,1,0,14.4542,C,0,Mr,,F,E,0
3,female,,22.28143828,38.9,1,0,14.4542,C,0,Mrs,,D,F,0
3,male,,28.38486345,30.5125,1,0,7.75,Q,0,Mr,,F,F,0
3,male,,28.38486345,30.5125,1,0,7.75,Q,0,Mr,,F,F,0
3,male,,29.84415507,25.8,0,0,7.7375,Q,0,Mr,,F,F,0
3,female,22,22,22,2,0,8.6625,S,0,Miss,,F,F,0
3,male,26,26,26,2,0,8.6625,S,0,Mr,,F,F,0
3,female,4,4,4,0,2,22.025,S,1,Miss,,G,G,1
3,male,29,29,29,3,1,22.025,S,1,Mr,,F,E,1
3,female,26,26,26,1,1,22.025,S,1,Mrs,,F,F,1
3,female,1,1,1,1,1,12.1833,S,0,Miss,,G,G,0
3,male,18,18,18,1,1,7.8542,S,0,Mr,,F,F,0
3,female,36,36,36,0,2,12.1833,S,0,Mrs,,G,G,0
3,male,,29.01395485,34,0,0,7.8958,C,0,Mr,,F,F,0
3,male,25,25,25,0,0,7.2292,C,1,Mr,6,F,F,1
3,male,,27.81302367,28.61111111,0,0,7.225,C,0,Mr,,F,F,0
3,female,37,37,37,0,0,9.5875,S,0,Miss,,E,F,0
3,male,,27.80279362,27.34615385,0,0,7.8958,S,0,Mr,,F,F,0
3,male,,28.98349796,32,0,0,56.4958,S,1,Mr,,F,E,1
3,male,,28.13282326,28,0,0,56.4958,S,0,Mr,,F,E,0
3,female,22,22,22,0,0,7.25,S,1,Miss,,F,F,1
3,male,,31.93095958,31.125,0,0,7.75,Q,0,Mr,,F,F,0
3,male,26,26,26,0,0,56.4958,S,1,Mr,,F,E,1
3,male,29,29,29,0,0,9.4833,S,0,Mr,,F,F,0
3,male,29,29,29,0,0,7.775,S,0,Mr,,F,F,0
3,male,22,22,22,0,0,7.775,S,0,Mr,,F,F,0
3,male,22,22,22,0,0,7.225,C,1,Mr,,F,F,1
3,male,,5.861207599,2.35,3,1,25.4667,S,0,Master,,F,E,0
3,female,,8.002463199,8,3,1,25.4667,S,0,Miss,,F,G,0
3,female,,8.002463199,8,3,1,25.4667,S,0,Miss,,F,G,0
3,female,,8.002463199,8,3,1,25.4667,S,0,Miss,,F,G,0
3,female,,39.97668898,36.6,0,4,25.4667,S,0,Mrs,,F,F,0
3,male,32,32,32,0,0,7.925,S,0,Mr,,F,F,0
3,male,34.5,34.5,34.5,0,0,6.4375,C,0,Mr,,F,F,0
3,female,,18.43134372,16.5,1,0,15.5,Q,0,Miss,,F,F,0
3,male,,30.20538251,33.7,1,0,15.5,Q,0,Mr,,D,E,0
3,male,36,36,36,0,0,0,S,0,Mr,,F,F,0
3,male,39,39,39,0,0,24.15,S,0,Mr,,F,E,0
3,male,24,24,24,0,0,9.5,S,0,Mr,,F,F,0
3,female,25,25,25,0,0,7.775,S,0,Miss,,F,G,0
3,female,45,45,45,0,0,7.75,S,0,Miss,,F,F,0
3,male,36,36,36,1,0,15.55,S,1,Mr,,D,E,0
3,female,30,30,30,1,0,15.55,S,1,Mrs,,G,F,0
3,male,20,20,20,1,0,7.925,S,1,Mr,,F,F,1
3,male,,30.46583315,26,0,0,7.8792,Q,0,Mr,,F,F,0
3,male,28,28,28,0,0,56.4958,S,0,Mr,,F,E,0
3,male,,28.37855864,42,0,0,7.55,S,0,Mr,,F,F,0
3,male,30,30,30,1,0,16.1,S,0,Mr,,F,E,0
3,female,26,26,26,1,0,16.1,S,0,Mrs,,G,G,0
3,male,,27.8049444,28.1,0,0,7.8792,S,0,Mr,,F,F,0
3,male,20.5,20.5,20.5,0,0,7.25,S,0,Mr,,F,F,0
3,male,27,27,27,0,0,8.6625,S,1,Mr,,F,E,1
3,male,51,51,51,0,0,7.0542,S,0,Mr,,F,F,0
3,female,23,23,23,0,0,7.8542,S,1,Miss,,F,F,1
3,male,32,32,32,0,0,7.5792,S,1,Mr,,F,F,1
3,male,,27.80279362,27.34615385,0,0,7.8958,S,0,Mr,,F,F,0
3,male,,28.37855864,42,0,0,7.55,S,0,Mr,,F,F,0
3,female,,21.95947243,20.66666667,0,0,7.75,Q,1,Miss,,F,F,1
3,male,24,24,24,0,0,7.1417,S,1,Mr,,F,F,1
3,male,22,22,22,0,0,7.125,S,0,Mr,,F,F,0
3,female,,23.4602153,18,0,0,7.8792,Q,0,Miss,,F,F,0
3,male,,31.93095958,31.125,0,0,7.75,Q,0,Mr,,F,F,0
3,male,,28.42543719,28.2962963,0,0,8.05,S,0,Mr,,F,F,0
3,male,29,29,29,0,0,7.925,S,0,Mr,,F,F,0
3,male,,25.61756641,22.5,0,0,7.2292,C,1,Mr,,F,F,1
3,female,30.5,30.5,30.5,0,0,7.75,Q,0,Miss,,F,F,0
3,female,,21.75988283,17.4,0,0,7.7375,Q,1,Miss,,F,F,1
3,male,,27.86699811,24.5,0,0,7.2292,C,0,Mr,6,F,F,0
3,male,35,35,35,0,0,7.8958,C,0,Mr,,F,F,0
3,male,33,33,33,0,0,7.8958,S,0,Mr,,F,F,0
3,female,,30.01328921,45,0,0,7.225,C,1,Mrs,,F,E,1
3,male,,29.01395485,34,0,0,7.8958,C,0,Mr,,F,F,0
3,female,,21.95947243,20.66666667,0,0,7.75,Q,1,Miss,,F,F,1
3,male,,31.93095958,29,0,0,7.75,Q,0,Mr,,F,F,1
3,female,,18.62540602,14,2,0,23.25,Q,1,Miss,,F,F,1
3,female,,18.62540602,14,2,0,23.25,Q,1,Miss,,F,F,1
3,male,,26.24425135,30.1,2,0,23.25,Q,1,Mr,,F,E,1
3,female,,21.85710619,19.83333333,0,0,7.7875,Q,1,Miss,,F,F,1
3,male,,30.84867421,33.7,0,0,15.5,Q,0,Mr,,D,E,0
3,female,,21.89618452,19,0,0,7.8792,Q,1,Miss,,F,F,1
3,female,15,15,15,0,0,8.0292,Q,0,Miss,,F,F,1
3,female,35,35,35,0,0,7.75,Q,0,Miss,,F,F,0
3,male,,31.93095958,31.125,0,0,7.75,Q,0,Mr,,F,F,0
3,male,24,24,24,1,0,16.1,S,0,Mr,,F,F,0
3,female,19,19,19,1,0,16.1,S,0,Mrs,,G,G,0
3,female,,24.89018104,34.16666667,0,0,7.75,Q,0,Miss,,F,F,0
3,female,,23.563149,22.95,0,0,8.05,S,0,Miss,,F,G,0
3,female,,33.95461684,34,0,0,8.05,S,0,Mrs,,F,F,0
3,male,55.5,55.5,55.5,0,0,8.05,S,0,Mr,,F,F,0
3,male,,31.93095958,31.125,0,0,7.75,Q,0,Mr,,F,F,0
3,male,21,21,21,0,0,7.775,S,1,Mr,,F,F,1
3,male,,28.42543719,28.2962963,0,0,8.05,S,0,Mr,,F,F,0
3,male,24,24,24,0,0,7.8958,S,0,Mr,,F,F,0
3,male,21,21,21,0,0,7.8958,S,0,Mr,,F,F,0
3,male,28,28,28,0,0,7.8958,S,0,Mr,,F,F,0
3,male,,27.80279362,27.34615385,0,0,7.8958,S,0,Mr,,F,F,0
3,female,,21.89618452,19,0,0,7.8792,Q,1,Miss,,F,F,1
3,male,25,25,25,0,0,7.65,S,0,Mr,6,F,F,0
3,male,6,6,6,0,1,12.475,S,1,Master,5,E,E,1
3,female,27,27,27,0,1,12.475,S,1,Mrs,5,E,E,1
3,male,,28.42543719,28.2962963,0,0,8.05,S,0,Mr,,F,F,0
3,female,,18.61685801,14,1,0,24.15,Q,1,Miss,,F,F,1
3,male,,29.42151564,33.7,1,0,24.15,Q,0,Mr,,F,E,0
3,male,,30.20515344,28.1,0,0,8.4583,Q,0,Mr,,F,F,0
3,male,34,34,34,0,0,8.05,S,0,Mr,,F,F,0
3,male,,31.93095958,31.125,0,0,7.75,Q,0,Mr,,F,F,0
3,male,,26.58913494,21,0,0,7.775,S,1,Mr,,F,F,1
3,male,,6.225306121,7,1,1,15.2458,C,1,Master,,F,E,1
3,male,,6.225306121,7,1,1,15.2458,C,1,Master,,F,E,1
3,female,,26.28670375,29,0,2,15.2458,C,1,Mrs,,G,E,1
3,female,,29.08972909,36.9,0,0,7.2292,C,0,Mrs,,F,E,1
3,male,,28.42543719,28.2962963,0,0,8.05,S,0,Mr,,F,F,0
3,female,,21.75988283,16,0,0,7.7333,Q,1,Miss,,F,F,1
3,female,24,24,24,0,0,7.75,Q,1,Miss,,F,F,1
3,male,,28.42543719,28.2962963,0,0,8.05,S,0,Mr,,F,F,0
3,female,,18.42598896,14,1,0,15.5,Q,1,Miss,,F,F,1
3,female,,18.42598896,14,1,0,15.5,Q,1,Miss,,F,F,1
3,female,,20.73726511,13.4,0,0,15.5,Q,1,Miss,,F,F,1
3,male,18,18,18,0,0,7.75,S,0,Mr,,F,F,0
3,male,22,22,22,0,0,7.8958,S,0,Mr,,F,F,0
3,female,15,15,15,0,0,7.225,C,1,Miss,,F,F,1
3,female,1,1,1,0,2,15.7417,C,1,Miss,,G,F,1
3,male,20,20,20,1,1,15.7417,C,1,Mr,,F,E,1
3,female,19,19,19,1,1,15.7417,C,1,Mrs,,G,F,1
3,male,33,33,33,0,0,8.05,S,0,Mr,,F,F,0
3,male,,27.80279362,27.34615385,0,0,7.8958,S,0,Mr,,F,F,0
3,male,,27.86699811,24.5,0,0,7.2292,C,0,Mr,,F,F,0
3,female,,24.89018104,34.16666667,0,0,7.75,Q,0,Miss,,F,F,0
3,male,,27.80279362,27.34615385,0,0,7.8958,S,0,Mr,,F,F,0
3,male,12,12,12,1,0,11.2417,C,1,Master,,F,E,1
3,female,14,14,14,1,0,11.2417,C,1,Miss,,F,F,1
3,female,29,29,29,0,0,7.925,S,0,Miss,,E,F,0
3,male,28,28,28,0,0,8.05,S,0,Mr,,F,F,0
3,female,18,18,18,0,0,7.775,S,1,Miss,,F,F,1
3,female,26,26,26,0,0,7.8542,S,1,Miss,,F,F,1
3,male,21,21,21,0,0,7.8542,S,0,Mr,,F,F,0
3,male,41,41,41,0,0,7.125,S,0,Mr,,F,F,0
3,male,39,39,39,0,0,7.925,S,1,Mr,,E,E,1
3,male,21,21,21,0,0,7.8,S,0,Mr,,F,F,0
3,male,28.5,28.5,28.5,0,0,7.2292,C,0,Mr,,F,F,0
3,female,22,22,22,0,0,7.75,S,1,Miss,,F,F,1
3,male,61,61,61,0,0,6.2375,S,0,Mr,,F,F,0
3,male,,30.20538251,33.7,1,0,15.5,Q,0,Mr,,D,E,0
3,male,,30.47618953,34.5,0,0,7.8292,Q,0,Mr,,F,F,0
3,female,,28.28586962,22.9,1,0,15.5,Q,0,Mrs,,G,F,1
3,male,,29.84415507,26,0,0,7.7333,Q,0,Mr,,F,F,0
3,male,,31.93095958,31.125,0,0,7.75,Q,0,Mr,,F,F,0
3,male,,31.93095958,31.125,0,0,7.75,Q,0,Mr,,F,F,0
3,male,23,23,23,0,0,9.225,S,0,Mr,,F,F,0
3,female,,24.89018104,34.16666667,0,0,7.75,Q,0,Miss,,F,F,0
3,female,,21.95947243,20.66666667,0,0,7.75,Q,1,Miss,,F,F,1
3,female,,23.4602153,19,0,0,7.8792,Q,0,Miss,,F,F,1
3,female,22,22,22,0,0,7.775,S,1,Miss,,F,F,1
3,male,,27.84059975,29,0,0,7.75,Q,1,Mr,,F,F,1
3,female,,21.93299214,19.5,0,0,7.8292,Q,1,Miss,,F,F,1
3,male,9,9,9,0,1,3.1708,S,1,Master,,E,E,1
3,male,28,28,28,0,0,22.525,S,0,Mr,,F,E,0
3,male,42,42,42,0,1,8.4042,S,0,Mr,,F,E,0
3,male,,28.37468348,27.3,0,0,7.3125,S,0,Mr,,F,F,0
3,female,31,31,31,0,0,7.8542,S,0,Miss,,E,F,0
3,male,28,28,28,0,0,7.8542,S,0,Mr,,F,F,0
3,male,32,32,32,0,0,7.775,S,1,Mr,,F,F,1
3,male,20,20,20,0,0,9.225,S,0,Mr,,F,F,0
3,female,23,23,23,0,0,8.6625,S,0,Miss,,F,F,0
3,female,20,20,20,0,0,8.6625,S,0,Miss,,F,F,0
3,male,20,20,20,0,0,8.6625,S,0,Mr,,F,F,0
3,male,16,16,16,0,0,9.2167,S,0,Mr,,F,F,0
3,female,31,31,31,0,0,8.6833,S,0,Mrs,,F,E,1
3,female,,23.54925149,30,0,0,7.6292,Q,0,Miss,,F,F,0
3,male,2,2,2,3,1,21.075,S,0,Master,,F,E,0
3,male,6,6,6,3,1,21.075,S,0,Master,,F,E,0
3,female,3,3,3,3,1,21.075,S,0,Miss,,G,G,0
3,female,8,8,8,3,1,21.075,S,0,Miss,,F,G,0
3,female,29,29,29,0,4,21.075,S,0,Mrs,,G,F,0
3,male,1,1,1,4,1,39.6875,S,0,Master,,F,E,0
3,male,7,7,7,4,1,39.6875,S,0,Master,,F,E,0
3,male,2,2,2,4,1,39.6875,S,0,Master,,F,E,0
3,male,16,16,16,4,1,39.6875,S,0,Mr,,F,E,0
3,male,14,14,14,4,1,39.6875,S,0,Mr,,F,E,0
3,female,41,41,41,0,5,39.6875,S,0,Mrs,,F,F,0
3,male,21,21,21,0,0,8.6625,S,0,Mr,,F,F,0
3,male,19,19,19,0,0,14.5,S,0,Mr,,F,F,0
3,male,,28.89965815,33,0,0,8.7125,C,0,Mr,,F,E,0
3,male,32,32,32,0,0,7.8958,S,0,Mr,,F,F,0
3,male,0.75,0.75,0.75,1,1,13.775,S,0,Master,,G,E,0
3,female,3,3,3,1,1,13.775,S,0,Miss,,G,G,0
3,female,26,26,26,0,2,13.775,S,0,Mrs,,G,G,0
3,male,,29.70127098,28.92857143,0,0,7,S,0,Mr,,F,F,0
3,male,,27.97712369,24.09090909,0,0,7.775,S,0,Mr,,F,F,0
3,male,,28.42543719,28.2962963,0,0,8.05,S,0,Mr,,F,F,0
3,male,21,21,21,0,0,7.925,S,0,Mr,,F,F,0
3,male,25,25,25,0,0,7.925,S,0,Mr,,F,F,0
3,male,22,22,22,0,0,7.25,S,0,Mr,,F,F,0
3,male,25,25,25,1,0,7.775,S,1,Mr,,F,F,1
3,male,,5.854629362,2.94167,1,1,22.3583,C,1,Master,,F,E,1
3,female,,6.745030168,5.65,1,1,22.3583,C,1,Miss,6,F,F,1
3,female,,26.48392757,28,0,2,22.3583,C,1,Mrs,,F,E,1
3,female,,22.64849268,17.85,0,0,8.1375,Q,0,Miss,,F,F,0
3,male,24,24,24,0,0,8.05,S,0,Mr,,F,F,0
3,female,28,28,28,0,0,7.8958,S,0,Miss,,E,F,0
3,male,19,19,19,0,0,7.8958,S,0,Mr,,F,F,0
3,male,,27.80279362,27.34615385,0,0,7.8958,S,0,Mr,,F,F,0
3,male,25,25,25,1,0,7.775,S,0,Mr,,F,F,0
3,female,18,18,18,0,0,7.775,S,0,Miss,,F,G,0
3,male,32,32,32,0,0,8.05,S,1,Mr,5,E,E,1
3,male,,27.80279362,27.34615385,0,0,7.8958,S,0,Mr,,F,F,0
3,male,17,17,17,0,0,8.6625,S,0,Mr,,F,F,0
3,male,24,24,24,0,0,8.6625,S,0,Mr,,F,F,0
3,male,,27.80279362,27.34615385,0,0,7.8958,S,0,Mr,,F,F,0
3,female,,33.89741883,34,0,0,8.1125,S,0,Mrs,,F,F,0
3,male,,27.86699811,24.5,0,0,7.2292,C,0,Mr,,F,F,0
3,male,,28.38768599,27,0,0,7.25,S,0,Mr,,F,F,0
3,male,38,38,38,0,0,7.8958,S,0,Mr,,F,F,0
3,male,21,21,21,0,0,8.05,S,0,Mr,,F,F,0
3,male,10,10,10,4,1,29.125,Q,0,Master,,F,E,0
3,male,4,4,4,4,1,29.125,Q,0,Master,,F,E,0
3,male,7,7,7,4,1,29.125,Q,0,Master,,F,E,0
3,male,2,2,2,4,1,29.125,Q,0,Master,,F,E,0
3,male,8,8,8,4,1,29.125,Q,0,Master,,F,E,0
3,female,39,39,39,0,5,29.125,Q,0,Mrs,,F,F,0
3,female,22,22,22,0,0,39.6875,S,0,Miss,,F,G,0
3,male,35,35,35,0,0,7.125,S,0,Mr,,F,F,0
3,female,,21.79988283,22,0,0,7.7208,Q,1,Miss,,F,F,1
3,male,,29.57684481,19,0,0,14.5,S,0,Mr,,F,F,0
3,female,,31.64844178,38.6,0,0,14.5,S,0,Mrs,,D,F,0
3,male,50,50,50,1,0,14.5,S,0,Mr,,F,E,0
3,female,47,47,47,1,0,14.5,S,0,Mrs,,D,F,0
3,male,,28.42543719,28.2962963,0,0,8.05,S,0,Mr,,F,F,0
3,male,,27.97712369,24.09090909,0,0,7.775,S,0,Mr,,F,F,0
3,female,2,2,2,1,1,20.2125,S,0,Miss,,G,G,0
3,male,18,18,18,1,1,20.2125,S,0,Mr,,F,E,0
3,female,41,41,41,0,2,20.2125,S,0,Mrs,,F,F,0
3,female,,21.85164566,20.5,0,0,8.05,S,1,Miss,,F,F,1
3,male,50,50,50,0,0,8.05,S,0,Mr,,F,F,0
3,male,16,16,16,0,0,8.05,S,0,Mr,,F,F,0
3,male,,27.84059975,29,0,0,7.75,Q,1,Mr,,F,F,1
3,male,,29.65479486,33.7,0,0,24.15,Q,0,Mr,,F,E,0
3,male,,27.86699811,24.5,0,0,7.2292,C,0,Mr,,F,F,0
3,male,25,25,25,0,0,7.225,C,0,Mr,,F,F,0
3,male,,27.81302367,28.61111111,0,0,7.225,C,0,Mr,,F,F,0
3,male,,29.84415507,25.8,0,0,7.7292,Q,0,Mr,,F,F,0
3,male,,28.72104413,39.33333333,0,0,7.575,S,0,Mr,,F,F,0
3,male,38.5,38.5,38.5,0,0,7.25,S,0,Mr,,F,F,0
3,male,,12.30278614,14.5,8,2,69.55,S,0,Master,,F,E,0
3,male,14.5,14.5,14.5,8,2,69.55,S,0,Master,,F,E,0
3,female,,15.20507533,16.3,8,2,69.55,S,0,Miss,,F,G,0
3,female,,15.20507533,16.3,8,2,69.55,S,0,Miss,,F,G,0
3,female,,15.20507533,16.3,8,2,69.55,S,0,Miss,,F,G,0
3,female,,15.20507533,16.3,8,2,69.55,S,0,Miss,,F,G,0
3,male,,16.92369706,14,8,2,69.55,S,0,Mr,,F,E,0
3,male,,16.92369706,14,8,2,69.55,S,0,Mr,,F,E,0
3,male,,16.92369706,14,8,2,69.55,S,0,Mr,,F,E,0
3,male,,40.09479476,40,1,9,69.55,S,0,Mr,,F,E,0
3,female,,41.45136996,43,1,9,69.55,S,0,Mrs,,F,G,0
3,male,24,24,24,0,0,9.325,S,0,Mr,,F,F,0
3,female,21,21,21,0,0,7.65,S,1,Miss,,F,F,1
3,male,39,39,39,0,0,7.925,S,0,Mr,,F,F,0
3,male,,22.14469794,17.43333333,2,0,21.6792,C,0,Mr,,F,E,0
3,male,,22.14469794,17.43333333,2,0,21.6792,C,0,Mr,,F,E,0
3,male,,22.14469794,17.43333333,2,0,21.6792,C,0,Mr,,F,E,0
3,female,1,1,1,1,1,16.7,S,1,Miss,7,G,G,1
3,female,24,24,24,0,2,16.7,S,1,Mrs,7,G,G,1
3,female,4,4,4,1,1,16.7,S,1,Miss,7,G,G,1
3,male,25,25,25,0,0,9.5,S,1,Mr,,F,E,1
3,male,20,20,20,0,0,8.05,S,0,Mr,,F,F,0
3,male,24.5,24.5,24.5,0,0,8.05,S,0,Mr,,F,F,0
3,male,,29.84415507,25.8,0,0,7.725,Q,0,Mr,,F,F,0
3,male,,27.80279362,27.34615385,0,0,7.8958,S,0,Mr,,F,F,0
3,male,,31.93095958,31.125,0,0,7.75,Q,0,Mr,,F,F,0
3,male,29,29,29,0,0,9.5,S,1,Mr,,E,E,1
3,male,,29.80340684,40.5,0,0,15.1,S,0,Mr,,F,E,0
3,female,,23.74329789,20.16666667,0,0,7.7792,Q,0,Miss,,F,F,1
3,male,,28.42543719,28.2962963,0,0,8.05,S,0,Mr,,F,F,0
3,male,,28.42543719,28.2962963,0,0,8.05,S,0,Mr,,F,F,0
3,male,22,22,22,0,0,7.2292,C,0,Mr,,F,F,0
3,male,,28.42543719,28.2962963,0,0,8.05,S,0,Mr,,F,F,0
3,male,40,40,40,0,0,7.8958,S,0,Mr,,F,F,0
3,male,21,21,21,0,0,7.925,S,0,Mr,,F,F,0
3,female,18,18,18,0,0,7.4958,S,1,Miss,,F,F,1
3,male,4,4,4,3,2,27.9,S,0,Master,,F,E,0
3,male,10,10,10,3,2,27.9,S,0,Master,,F,E,0
3,female,9,9,9,3,2,27.9,S,0,Miss,,F,G,0
3,female,2,2,2,3,2,27.9,S,0,Miss,,F,G,0
3,male,40,40,40,1,4,27.9,S,0,Mr,,F,E,0
3,female,45,45,45,1,4,27.9,S,0,Mrs,,F,G,0
3,male,,27.80279362,27.34615385,0,0,7.8958,S,0,Mr,,F,F,0
3,male,,28.42543719,28.2962963,0,0,8.05,S,0,Mr,,F,F,0
3,male,,27.75070738,23.75,0,0,8.6625,S,0,Mr,,F,F,0
3,male,,31.93095958,31.125,0,0,7.75,Q,0,Mr,,F,F,0
3,female,,21.75988283,16,0,0,7.7333,Q,1,Miss,,F,F,1
3,male,19,19,19,0,0,7.65,S,0,Mr,6,F,F,0
3,male,30,30,30,0,0,8.05,S,0,Mr,,F,F,0
3,male,,28.42543719,28.2962963,0,0,8.05,S,0,Mr,,F,F,0
3,male,32,32,32,0,0,8.05,S,0,Mr,,F,F,0
3,male,,27.80279362,27.34615385,0,0,7.8958,S,0,Mr,,F,F,0
3,male,33,33,33,0,0,8.6625,C,0,Mr,,F,E,0
3,female,23,23,23,0,0,7.55,S,1,Miss,,F,F,1
3,male,21,21,21,0,0,8.05,S,0,Mr,,F,F,0
3,male,60.5,60.5,60.5,0,0,14.96493586,S,0,Mr,,F,F,0
3,male,19,19,19,0,0,7.8958,S,0,Mr,,F,F,0
3,female,22,22,22,0,0,9.8375,S,0,Miss,,F,F,0
3,male,31,31,31,0,0,7.925,S,1,Mr,,E,E,1
3,male,27,27,27,0,0,8.6625,S,0,Mr,,F,F,0
3,female,2,2,2,0,1,10.4625,S,0,Miss,7,G,G,0
3,female,29,29,29,1,1,10.4625,S,0,Mrs,7,G,G,0
3,male,16,16,16,0,0,8.05,S,1,Mr,,F,F,1
3,male,44,44,44,0,0,7.925,S,1,Mr,,E,E,1
3,male,25,25,25,0,0,7.05,S,0,Mr,,F,F,0
3,male,74,74,74,0,0,7.775,S,0,Mr,,F,F,0
3,male,14,14,14,0,0,9.225,S,1,Mr,,F,E,1
3,male,24,24,24,0,0,7.7958,S,0,Mr,,F,F,0
3,male,25,25,25,0,0,7.7958,S,1,Mr,,F,F,1
3,male,34,34,34,0,0,8.05,S,0,Mr,,F,F,0
3,male,0.4167,0.4167,0.4167,0,1,8.5167,C,1,Master,,F,E,1
3,male,,25.88815925,18.45,1,0,6.4375,C,0,Mr,,F,F,0
3,male,,29.83032217,34.5,0,0,6.4375,C,0,Mr,,F,F,0
3,male,,27.81302367,28.61111111,0,0,7.225,C,0,Mr,,F,F,0
3,female,16,16,16,1,1,8.5167,C,1,Mrs,,G,F,1
3,male,,28.42543719,28.2962963,0,0,8.05,S,0,Mr,,F,F,0
3,male,,28.59470755,27,1,0,16.1,S,0,Mr,,F,F,0
3,female,,29.19513462,28,1,0,16.1,S,1,Mrs,,G,F,1
3,male,32,32,32,0,0,7.925,S,0,Mr,,F,F,0
3,male,,31.93095958,31.125,0,0,7.75,Q,0,Mr,6,F,F,0
3,male,,27.80279362,27.34615385,0,0,7.8958,S,0,Mr,,F,F,0
3,male,30.5,30.5,30.5,0,0,8.05,S,0,Mr,,F,F,0
3,male,44,44,44,0,0,8.05,S,0,Mr,,F,F,0
3,male,,27.86699811,24.5,0,0,7.2292,C,0,Mr,,F,F,0
3,male,25,25,25,0,0,0,S,1,Mr,,F,F,1
3,male,,27.86699811,24.5,0,0,7.2292,C,0,Mr,,F,F,0
3,male,7,7,7,1,1,15.2458,C,1,Master,,F,E,1
3,female,9,9,9,1,1,15.2458,C,1,Miss,,G,F,1
3,female,29,29,29,0,2,15.2458,C,1,Mrs,,G,E,1
3,male,36,36,36,0,0,7.8958,S,0,Mr,,F,F,0
3,female,18,18,18,0,0,9.8417,S,1,Miss,,F,F,1
3,female,63,63,63,0,0,9.5875,S,1,Mrs,,E,E,1
3,male,,6.264095454,11.5,1,1,14.5,S,0,Master,,G,E,0
3,male,11.5,11.5,11.5,1,1,14.5,S,0,Master,,F,E,0
3,male,40.5,40.5,40.5,0,2,14.5,S,0,Mr,,F,E,0
3,female,10,10,10,0,2,24.15,S,0,Miss,,F,G,0
3,male,36,36,36,1,1,24.15,S,0,Mr,,F,E,0
3,female,30,30,30,1,1,24.15,S,0,Mrs,,G,G,0
3,male,,27.95416478,27.1875,0,0,9.5,S,0,Mr,,F,F,0
3,male,33,33,33,0,0,9.5,S,0,Mr,,F,E,0
3,male,28,28,28,0,0,9.5,S,0,Mr,,F,F,0
3,male,28,28,28,0,0,9.5,S,0,Mr,,F,F,0
3,male,47,47,47,0,0,9,S,0,Mr,,F,E,0
3,female,18,18,18,2,0,18,S,0,Miss,,F,G,0
3,male,31,31,31,3,0,18,S,0,Mr,,F,E,0
3,male,16,16,16,2,0,18,S,0,Mr,,F,F,0
3,female,31,31,31,1,0,18,S,0,Mrs,,G,F,0
3,male,22,22,22,0,0,7.225,C,1,Mr,,F,F,1
3,male,20,20,20,0,0,7.8542,S,0,Mr,,F,F,0
3,female,14,14,14,0,0,7.8542,S,0,Miss,,F,G,0
3,male,22,22,22,0,0,7.8958,S,0,Mr,,F,F,0
3,male,22,22,22,0,0,9,S,0,Mr,,F,F,0
3,male,,28.42543719,28.2962963,0,0,8.05,S,0,Mr,,F,F,0
3,male,,28.37855864,42,0,0,7.55,S,0,Mr,,F,F,0
3,male,,28.42543719,28.2962963,0,0,8.05,S,0,Mr,,F,F,0
3,male,32.5,32.5,32.5,0,0,9.5,S,0,Mr,,F,E,0
3,female,38,38,38,0,0,7.2292,C,1,Mrs,,F,E,1
3,male,51,51,51,0,0,7.75,S,0,Mr,,F,F,0
3,male,18,18,18,1,0,6.4958,S,0,Mr,,F,F,0
3,male,21,21,21,1,0,6.4958,S,0,Mr,,F,F,0
3,female,47,47,47,1,0,7,S,0,Mrs,,F,F,1
3,male,,27.77875448,24.825,0,0,8.7125,S,0,Mr,,F,F,0
3,male,,28.37855864,42,0,0,7.55,S,0,Mr,,F,F,0
3,male,,28.42543719,28.2962963,0,0,8.05,S,0,Mr,,F,F,0
3,male,28.5,28.5,28.5,0,0,16.1,S,0,Mr,,F,E,0
3,male,21,21,21,0,0,7.25,S,0,Mr,,F,F,0
3,male,27,27,27,0,0,8.6625,S,0,Mr,,F,F,0
3,male,,28.38768599,27,0,0,7.25,S,0,Mr,,F,F,0
3,male,36,36,36,0,0,9.5,S,0,Mr,,F,E,0
3,male,27,27,27,1,0,14.4542,C,1,Mr,,D,E,0
3,female,15,15,15,1,0,14.4542,C,0,Mrs,,D,F,1
3,male,45.5,45.5,45.5,0,0,7.225,C,0,Mr,,F,F,0
3,male,,27.81302367,28.61111111,0,0,7.225,C,0,Mr,,F,F,0
3,male,,26.94530195,24.03333333,0,0,14.4583,C,0,Mr,,D,E,0
3,female,14.5,14.5,14.5,1,0,14.4542,C,0,Miss,,F,F,0
3,female,,17.21969548,14.5,1,0,14.4542,C,0,Miss,,F,F,0
3,male,26.5,26.5,26.5,0,0,7.225,C,0,Mr,,F,F,0
3,male,27,27,27,0,0,7.225,C,0,Mr,,F,F,0
3,male,29,29,29,0,0,7.875,S,0,Mr,,F,F,0