pclass,survived,sex,age,sibsp,parch,fare,embarked,title,deck
1.0,1.0,female,29.0,0.0,0.0,211.3375,S,Miss,B
1.0,1.0,male,0.9167,1.0,2.0,151.55,S,Master,C
1.0,0.0,female,2.0,1.0,2.0,151.55,S,Miss,C
1.0,0.0,male,30.0,1.0,2.0,151.55,S,Mr,C
1.0,0.0,female,25.0,1.0,2.0,151.55,S,Mrs,C
1.0,1.0,male,48.0,0.0,0.0,26.55,S,Mr,E
1.0,1.0,female,63.0,1.0,0.0,77.9583,S,Miss,D
1.0,0.0,male,39.0,0.0,0.0,0.0,S,Mr,A
1.0,1.0,female,53.0,2.0,0.0,51.4792,S,Mrs,C
1.0,0.0,male,71.0,0.0,0.0,49.5042,C,Mr,B
1.0,0.0,male,47.0,1.0,0.0,227.525,C,Rare Title,C
1.0,1.0,female,18.0,1.0,0.0,227.525,C,Mrs,C
1.0,1.0,female,24.0,0.0,0.0,69.3,C,Mrs,B
1.0,1.0,female,26.0,0.0,0.0,78.85,S,Miss,B
1.0,1.0,male,80.0,0.0,0.0,30.0,S,Mr,A
1.0,0.0,male,46.411679885062725,0.0,0.0,25.925,S,Mr,C
1.0,0.0,male,24.0,0.0,1.0,247.5208,C,Mr,B
1.0,1.0,female,50.0,0.0,1.0,247.5208,C,Mrs,B
1.0,1.0,female,32.0,0.0,0.0,76.2917,C,Miss,D
1.0,0.0,male,36.0,0.0,0.0,75.2417,C,Mr,C
1.0,1.0,male,37.0,1.0,1.0,52.5542,S,Mr,D
1.0,1.0,female,47.0,1.0,1.0,52.5542,S,Mrs,D
1.0,1.0,male,26.0,0.0,0.0,30.0,C,Mr,C
1.0,1.0,female,42.0,0.0,0.0,227.525,C,Miss,B
1.0,1.0,female,29.0,0.0,0.0,221.7792,S,Miss,C
1.0,0.0,male,25.0,0.0,0.0,26.0,C,Mr,F
1.0,1.0,male,25.0,1.0,0.0,91.0792,C,Mr,B
1.0,1.0,female,19.0,1.0,0.0,91.0792,C,Mrs,B
1.0,1.0,female,35.0,0.0,0.0,135.6333,S,Miss,C
1.0,1.0,male,28.0,0.0,0.0,26.55,S,Mr,C
1.0,0.0,male,45.0,0.0,0.0,35.5,S,Mr,T
1.0,1.0,male,40.0,0.0,0.0,31.0,C,Mr,A
1.0,1.0,female,30.0,0.0,0.0,164.8667,S,Miss,C
1.0,1.0,female,58.0,0.0,0.0,26.55,S,Miss,C
1.0,0.0,male,42.0,0.0,0.0,26.55,S,Mr,D
1.0,1.0,female,45.0,0.0,0.0,262.375,C,Miss,B
1.0,1.0,female,22.0,0.0,1.0,55.0,S,Miss,E
1.0,1.0,male,40.38836473138102,0.0,0.0,26.55,S,Mr,E
1.0,0.0,male,41.0,0.0,0.0,30.5,S,Mr,A
1.0,0.0,male,48.0,0.0,0.0,50.4958,C,Mr,B
1.0,0.0,male,51.19327189784653,0.0,0.0,39.6,C,Rare Title,B
1.0,1.0,female,44.0,0.0,0.0,27.7208,C,Mrs,B
1.0,1.0,female,59.0,2.0,0.0,51.4792,S,Mrs,C
1.0,1.0,female,60.0,0.0,0.0,76.2917,C,Mrs,D
1.0,1.0,female,41.0,0.0,0.0,134.5,C,Miss,E
1.0,0.0,male,45.0,0.0,0.0,26.55,S,Rare Title,B
1.0,0.0,male,47.229885841647565,0.0,0.0,31.0,S,Mr,C
1.0,1.0,male,42.0,0.0,0.0,26.2875,S,Mr,E
1.0,1.0,female,53.0,0.0,0.0,27.4458,C,Mrs,C
1.0,1.0,male,36.0,0.0,1.0,512.3292,C,Mr,B
1.0,1.0,female,58.0,0.0,1.0,512.3292,C,Mrs,B
1.0,0.0,male,33.0,0.0,0.0,5.0,S,Mr,B
1.0,0.0,male,28.0,0.0,0.0,47.1,S,Mr,D
1.0,0.0,male,17.0,0.0,0.0,47.1,S,Mr,D
1.0,1.0,male,11.0,1.0,2.0,120.0,S,Master,B
1.0,1.0,female,14.0,1.0,2.0,120.0,S,Miss,B
1.0,1.0,male,36.0,1.0,2.0,120.0,S,Mr,B
1.0,1.0,female,36.0,1.0,2.0,120.0,S,Mrs,B
1.0,0.0,male,49.0,0.0,0.0,26.0,S,Mr,C
1.0,1.0,female,46.3914629839138,0.0,0.0,27.7208,C,Mrs,C
1.0,0.0,male,36.0,1.0,0.0,78.85,S,Mr,C
1.0,1.0,female,76.0,1.0,0.0,78.85,S,Mrs,C
1.0,0.0,male,46.0,1.0,0.0,61.175,S,Mr,E
1.0,1.0,female,47.0,1.0,0.0,61.175,S,Mrs,E
1.0,1.0,male,27.0,1.0,0.0,53.1,S,Mr,E
1.0,1.0,female,33.0,1.0,0.0,53.1,S,Mrs,E
1.0,1.0,female,36.0,0.0,0.0,262.375,C,Miss,B
1.0,1.0,female,30.0,0.0,0.0,86.5,S,Miss,B
1.0,1.0,male,45.0,0.0,0.0,29.7,C,Mr,A
1.0,1.0,female,42.67797851152913,0.0,1.0,55.0,S,Mrs,E
1.0,0.0,male,37.73668353002362,0.0,0.0,0.0,S,Mr,F
1.0,0.0,male,27.0,1.0,0.0,136.7792,C,Mr,C
1.0,1.0,female,26.0,1.0,0.0,136.7792,C,Mrs,C
1.0,1.0,female,22.0,0.0,0.0,151.55,S,Miss,C
1.0,0.0,male,48.138876736320086,0.0,0.0,52.0,S,Mr,A
1.0,0.0,male,47.0,0.0,0.0,25.5875,S,Mr,E
1.0,1.0,female,39.0,1.0,1.0,83.1583,C,Miss,E
1.0,0.0,male,37.0,1.0,1.0,83.1583,C,Mr,E
1.0,1.0,female,64.0,0.0,2.0,83.1583,C,Mrs,E
1.0,1.0,female,55.0,2.0,0.0,25.7,S,Mrs,C
1.0,0.0,male,46.51538987253751,0.0,0.0,26.55,S,Mr,C
1.0,0.0,male,70.0,1.0,1.0,71.0,S,Rare Title,B
1.0,1.0,female,36.0,0.0,2.0,71.0,S,Miss,B
1.0,1.0,female,64.0,1.0,1.0,26.55,S,Mrs,B
1.0,0.0,male,39.0,1.0,0.0,71.2833,C,Mr,C
1.0,1.0,female,38.0,1.0,0.0,71.2833,C,Mrs,C
1.0,1.0,male,51.0,0.0,0.0,26.55,S,Mr,E
1.0,1.0,male,27.0,0.0,0.0,30.5,S,Mr,E
1.0,1.0,female,33.0,0.0,0.0,151.55,S,Miss,C
1.0,0.0,male,31.0,1.0,0.0,52.0,S,Mr,B
1.0,1.0,female,27.0,1.0,2.0,52.0,S,Mrs,B
1.0,1.0,male,31.0,1.0,0.0,57.0,S,Mr,B
1.0,1.0,female,17.0,1.0,0.0,57.0,S,Mrs,B
1.0,1.0,male,53.0,1.0,1.0,81.8583,S,Rare Title,A
1.0,1.0,male,4.0,0.0,2.0,81.8583,S,Master,A
1.0,1.0,female,54.0,1.0,1.0,81.8583,S,Mrs,A
1.0,0.0,male,50.0,1.0,0.0,106.425,C,Mr,C
1.0,1.0,female,27.0,1.0,1.0,247.5208,C,Mrs,B
1.0,1.0,female,48.0,1.0,0.0,106.425,C,Mrs,C
1.0,1.0,female,48.0,1.0,0.0,39.6,C,Rare Title,A
1.0,1.0,male,49.0,1.0,0.0,56.9292,C,Rare Title,A
1.0,0.0,male,39.0,0.0,0.0,29.7,C,Mr,A
1.0,1.0,female,23.0,0.0,1.0,83.1583,C,Mrs,C
1.0,1.0,female,38.0,0.0,0.0,227.525,C,Miss,C
1.0,1.0,female,54.0,1.0,0.0,78.2667,C,Miss,D
1.0,0.0,female,36.0,0.0,0.0,31.6792,C,Miss,A
1.0,0.0,male,38.875584815771134,0.0,0.0,221.7792,S,Mr,C
1.0,1.0,female,47.759181574798575,0.0,0.0,31.6833,S,Mrs,C
1.0,1.0,female,30.38552601880059,0.0,0.0,110.8833,C,Miss,C
1.0,1.0,male,36.0,0.0,0.0,26.3875,S,Mr,E
1.0,0.0,male,30.0,0.0,0.0,27.75,C,Mr,C
1.0,1.0,female,24.0,3.0,2.0,263.0,S,Miss,C
1.0,1.0,female,28.0,3.0,2.0,263.0,S,Miss,C
1.0,1.0,female,23.0,3.0,2.0,263.0,S,Miss,C
1.0,0.0,male,19.0,3.0,2.0,263.0,S,Mr,C
1.0,0.0,male,64.0,1.0,4.0,263.0,S,Mr,C
1.0,1.0,female,60.0,1.0,4.0,263.0,S,Mrs,C
1.0,1.0,female,30.0,0.0,0.0,56.9292,C,Miss,E
1.0,0.0,male,48.121382172617345,0.0,0.0,26.55,S,Mr,D
1.0,1.0,male,50.0,2.0,0.0,133.65,S,Rare Title,C
1.0,1.0,male,43.0,1.0,0.0,27.7208,C,Mr,D
1.0,1.0,female,38.221552756941264,1.0,0.0,133.65,S,Mrs,C
1.0,1.0,female,22.0,0.0,2.0,49.5,C,Miss,B
1.0,1.0,male,60.0,1.0,1.0,79.2,C,Mr,B
1.0,1.0,female,48.0,1.0,1.0,79.2,C,Mrs,B
1.0,0.0,male,36.84329245910956,0.0,0.0,0.0,S,Mr,B
1.0,0.0,male,37.0,1.0,0.0,53.1,S,Mr,C
1.0,1.0,female,35.0,1.0,0.0,53.1,S,Mrs,C
1.0,0.0,male,47.0,0.0,0.0,38.5,S,Mr,E
1.0,1.0,female,35.0,0.0,0.0,211.5,C,Miss,C
1.0,1.0,female,22.0,0.0,1.0,59.4,C,Miss,B
1.0,1.0,female,45.0,0.0,1.0,59.4,C,Mrs,D
1.0,0.0,male,24.0,0.0,0.0,79.2,C,Mr,B
1.0,1.0,male,49.0,1.0,0.0,89.1042,C,Mr,C
1.0,1.0,female,40.99803946663181,1.0,0.0,89.1042,C,Mrs,C
1.0,0.0,male,71.0,0.0,0.0,34.6542,C,Mr,A
1.0,1.0,male,53.0,0.0,0.0,28.5,C,Rare Title,C
1.0,1.0,female,19.0,0.0,0.0,30.0,S,Miss,B
1.0,0.0,male,38.0,0.0,1.0,153.4625,S,Mr,C
1.0,1.0,female,58.0,0.0,1.0,153.4625,S,Mrs,C
1.0,1.0,male,23.0,0.0,1.0,63.3583,C,Mr,D
1.0,1.0,female,45.0,0.0,1.0,63.3583,C,Mrs,D
1.0,0.0,male,46.0,0.0,0.0,79.2,C,Mr,B
1.0,1.0,male,25.0,1.0,0.0,55.4417,C,Mr,E
1.0,1.0,female,25.0,1.0,0.0,55.4417,C,Mrs,E
1.0,1.0,male,48.0,1.0,0.0,76.7292,C,Mr,D
1.0,1.0,female,49.0,1.0,0.0,76.7292,C,Mrs,D
1.0,0.0,male,45.79052861224895,0.0,0.0,42.4,S,Mr,C
1.0,0.0,male,45.0,1.0,0.0,83.475,S,Mr,C
1.0,1.0,female,35.0,1.0,0.0,83.475,S,Mrs,C
1.0,0.0,male,40.0,0.0,0.0,0.0,S,Mr,B
1.0,1.0,male,27.0,0.0,0.0,76.7292,C,Mr,D
1.0,1.0,male,41.960263819428384,0.0,0.0,30.0,S,Mr,D
1.0,1.0,female,24.0,0.0,0.0,83.1583,C,Miss,C
1.0,0.0,male,55.0,1.0,1.0,93.5,S,Mr,B
1.0,1.0,female,52.0,1.0,1.0,93.5,S,Mrs,B
1.0,0.0,male,42.0,0.0,0.0,42.5,S,Mr,B
1.0,0.0,male,46.389691907964064,0.0,0.0,51.8625,S,Mr,E
1.0,0.0,male,55.0,0.0,0.0,50.0,S,Mr,C
1.0,1.0,female,16.0,0.0,1.0,57.9792,C,Miss,B
1.0,1.0,female,44.0,0.0,1.0,57.9792,C,Mrs,B
1.0,1.0,female,51.0,1.0,0.0,77.9583,S,Mrs,D
1.0,0.0,male,42.0,1.0,0.0,52.0,S,Mr,C
1.0,1.0,female,35.0,1.0,0.0,52.0,S,Mrs,C
1.0,1.0,male,35.0,0.0,0.0,26.55,C,Mr,E
1.0,1.0,male,38.0,1.0,0.0,90.0,S,Mr,C
1.0,0.0,male,45.49848614414228,0.0,0.0,30.6958,C,Mr,C
1.0,1.0,female,35.0,1.0,0.0,90.0,S,Mrs,C
1.0,1.0,female,38.0,0.0,0.0,80.0,S,Miss,B
1.0,0.0,female,50.0,0.0,0.0,28.7125,C,Miss,C
1.0,1.0,male,49.0,0.0,0.0,0.0,S,Mr,B
1.0,0.0,male,46.0,0.0,0.0,26.0,S,Mr,C
1.0,0.0,male,50.0,0.0,0.0,26.0,S,Mr,E
1.0,0.0,male,32.5,0.0,0.0,211.5,C,Mr,C
1.0,0.0,male,58.0,0.0,0.0,29.7,C,Mr,B
1.0,0.0,male,41.0,1.0,0.0,51.8625,S,Mr,D
1.0,1.0,female,41.05972790989287,1.0,0.0,51.8625,S,Mrs,D
1.0,1.0,male,42.0,1.0,0.0,52.5542,S,Mr,D
1.0,1.0,female,45.0,1.0,0.0,52.5542,S,Mrs,D
1.0,0.0,male,44.37415472538754,0.0,0.0,26.55,S,Mr,C
1.0,1.0,female,39.0,0.0,0.0,211.3375,S,Miss,B
1.0,1.0,female,49.0,0.0,0.0,25.9292,S,Rare Title,D
1.0,1.0,female,30.0,0.0,0.0,106.425,C,Miss,C
1.0,1.0,male,35.0,0.0,0.0,512.3292,C,Mr,B
1.0,0.0,male,45.02081623718634,0.0,0.0,27.7208,C,Mr,C
1.0,0.0,male,42.0,0.0,0.0,26.55,S,Mr,C
1.0,1.0,female,55.0,0.0,0.0,27.7208,C,Mrs,C
1.0,1.0,female,16.0,0.0,1.0,39.4,S,Miss,D
1.0,1.0,female,51.0,0.0,1.0,39.4,S,Mrs,D
1.0,0.0,male,29.0,0.0,0.0,30.0,S,Mr,D
1.0,1.0,female,21.0,0.0,0.0,77.9583,S,Miss,D
1.0,0.0,male,30.0,0.0,0.0,45.5,S,Mr,C
1.0,1.0,female,58.0,0.0,0.0,146.5208,C,Miss,B
1.0,1.0,female,15.0,0.0,1.0,211.3375,S,Miss,B
1.0,0.0,male,30.0,0.0,0.0,26.0,S,Mr,C
1.0,1.0,female,16.0,0.0,0.0,86.5,S,Miss,B
1.0,1.0,male,36.6524719972729,0.0,0.0,29.7,C,Mr,C
1.0,0.0,male,19.0,1.0,0.0,53.1,S,Mr,D
1.0,1.0,female,18.0,1.0,0.0,53.1,S,Mrs,D
1.0,1.0,female,24.0,0.0,0.0,49.5042,C,Miss,C
1.0,0.0,male,46.0,0.0,0.0,75.2417,C,Mr,C
1.0,0.0,male,54.0,0.0,0.0,51.8625,S,Mr,E
1.0,1.0,male,36.0,0.0,0.0,26.2875,S,Mr,E
1.0,0.0,male,28.0,1.0,0.0,82.1708,C,Mr,C
1.0,1.0,female,44.78451769277116,1.0,0.0,82.1708,C,Mrs,C
1.0,0.0,male,65.0,0.0,0.0,26.55,S,Mr,E
1.0,0.0,male,44.0,2.0,0.0,90.0,Q,Rare Title,C
1.0,1.0,female,33.0,1.0,0.0,90.0,Q,Miss,C
1.0,1.0,female,37.0,1.0,0.0,90.0,Q,Mrs,C
1.0,1.0,male,30.0,1.0,0.0,57.75,C,Mr,C
1.0,0.0,male,55.0,0.0,0.0,30.5,S,Mr,C
1.0,0.0,male,47.0,0.0,0.0,42.4,S,Mr,C
1.0,0.0,male,37.0,0.0,1.0,29.7,C,Mr,C
1.0,1.0,female,31.0,1.0,0.0,113.275,C,Miss,D
1.0,1.0,female,23.0,1.0,0.0,113.275,C,Miss,D
1.0,0.0,male,58.0,0.0,2.0,113.275,C,Mr,D
1.0,1.0,female,19.0,0.0,2.0,26.2833,S,Miss,D
1.0,0.0,male,64.0,0.0,0.0,26.0,S,Mr,A
1.0,1.0,female,39.0,0.0,0.0,108.9,C,Rare Title,C
1.0,1.0,male,38.698685633543306,0.0,0.0,25.7417,C,Mr,E
1.0,1.0,female,22.0,0.0,1.0,61.9792,C,Miss,B
1.0,0.0,male,65.0,0.0,1.0,61.9792,C,Mr,B
1.0,0.0,male,28.5,0.0,0.0,27.7208,C,Mr,D
1.0,0.0,male,37.73668353002362,0.0,0.0,0.0,S,Mr,F
1.0,0.0,male,45.5,0.0,0.0,28.5,S,Mr,C
1.0,0.0,male,23.0,0.0,0.0,93.5,S,Mr,B
1.0,0.0,male,29.0,1.0,0.0,66.6,S,Mr,C
1.0,1.0,female,22.0,1.0,0.0,66.6,S,Mrs,C
1.0,0.0,male,18.0,1.0,0.0,108.9,C,Mr,C
1.0,1.0,female,17.0,1.0,0.0,108.9,C,Mrs,C
1.0,1.0,female,30.0,0.0,0.0,93.5,S,Miss,B
1.0,1.0,male,52.0,0.0,0.0,30.5,S,Rare Title,C
1.0,0.0,male,47.0,0.0,0.0,52.0,S,Mr,C
1.0,1.0,female,56.0,0.0,1.0,83.1583,C,Mrs,C
1.0,0.0,male,38.0,0.0,0.0,0.0,S,Rare Title,A
1.0,1.0,male,39.6014794919581,0.0,0.0,39.6,S,Mr,C
1.0,0.0,male,22.0,0.0,0.0,135.6333,C,Mr,C
1.0,0.0,male,39.65806571446552,0.0,0.0,227.525,C,Mr,C
1.0,1.0,female,43.0,0.0,1.0,211.3375,S,Mrs,B
1.0,0.0,male,31.0,0.0,0.0,50.4958,S,Mr,A
1.0,1.0,male,45.0,0.0,0.0,26.55,S,Mr,D
1.0,0.0,male,48.512670617430956,0.0,0.0,50.0,S,Mr,A
1.0,1.0,female,33.0,0.0,0.0,27.7208,C,Miss,A
1.0,0.0,male,46.0,0.0,0.0,79.2,C,Mr,C
1.0,0.0,male,36.0,0.0,0.0,40.125,C,Mr,A
1.0,1.0,female,33.0,0.0,0.0,86.5,S,Rare Title,B
1.0,0.0,male,55.0,1.0,0.0,59.4,C,Mr,C
1.0,1.0,female,54.0,1.0,0.0,59.4,C,Mrs,C
1.0,0.0,male,33.0,0.0,0.0,26.55,S,Mr,F
1.0,1.0,male,13.0,2.0,2.0,262.375,C,Master,B
1.0,1.0,female,18.0,2.0,2.0,262.375,C,Miss,B
1.0,1.0,female,21.0,2.0,2.0,262.375,C,Miss,B
1.0,0.0,male,61.0,1.0,3.0,262.375,C,Mr,B
1.0,1.0,female,48.0,1.0,3.0,262.375,C,Mrs,B
1.0,1.0,male,38.18774492335773,0.0,0.0,30.5,S,Mr,C
1.0,1.0,female,24.0,0.0,0.0,69.3,C,Miss,B
1.0,1.0,male,40.38351935123141,0.0,0.0,26.0,S,Mr,E
1.0,1.0,female,35.0,1.0,0.0,57.75,C,Mrs,C
1.0,1.0,female,30.0,0.0,0.0,31.0,C,Miss,E
1.0,1.0,male,34.0,0.0,0.0,26.55,S,Mr,E
1.0,1.0,female,40.0,0.0,0.0,153.4625,S,Miss,C
1.0,1.0,male,35.0,0.0,0.0,26.2875,S,Mr,E
1.0,0.0,male,50.0,1.0,0.0,55.9,S,Mr,E
1.0,1.0,female,39.0,1.0,0.0,55.9,S,Mrs,E
1.0,1.0,male,56.0,0.0,0.0,35.5,C,Rare Title,A
1.0,1.0,male,28.0,0.0,0.0,35.5,S,Mr,A
1.0,0.0,male,56.0,0.0,0.0,26.55,S,Mr,A
1.0,0.0,male,56.0,0.0,0.0,30.6958,C,Mr,A
1.0,0.0,male,24.0,1.0,0.0,60.0,S,Mr,C
1.0,0.0,male,50.57989329624186,0.0,0.0,26.0,S,Mr,A
1.0,1.0,female,18.0,1.0,0.0,60.0,S,Mrs,C
1.0,1.0,male,24.0,1.0,0.0,82.2667,S,Mr,B
1.0,1.0,female,23.0,1.0,0.0,82.2667,S,Mrs,B
1.0,1.0,male,6.0,0.0,2.0,134.5,C,Master,E
1.0,1.0,male,45.0,1.0,1.0,134.5,C,Mr,E
1.0,1.0,female,40.0,1.0,1.0,134.5,C,Mrs,E
1.0,0.0,male,57.0,1.0,0.0,146.5208,C,Mr,B
1.0,1.0,female,35.667934508902505,1.0,0.0,146.5208,C,Mrs,B
1.0,1.0,male,32.0,0.0,0.0,30.5,C,Rare Title,B
1.0,0.0,male,62.0,0.0,0.0,26.55,S,Mr,C
1.0,1.0,male,54.0,1.0,0.0,55.4417,C,Mr,C
1.0,1.0,female,43.0,1.0,0.0,55.4417,C,Mrs,C
1.0,1.0,female,52.0,1.0,0.0,78.2667,C,Mrs,D
1.0,0.0,male,45.02081623718634,0.0,0.0,27.7208,C,Mr,C
1.0,1.0,female,62.0,0.0,0.0,80.0,S,Mrs,B
1.0,0.0,male,67.0,1.0,0.0,221.7792,S,Mr,C
1.0,0.0,female,63.0,1.0,0.0,221.7792,S,Mrs,C
1.0,0.0,male,61.0,0.0,0.0,32.3208,S,Mr,D
1.0,1.0,female,48.0,0.0,0.0,25.9292,S,Mrs,D
1.0,1.0,female,18.0,0.0,2.0,79.65,S,Miss,E
1.0,0.0,male,52.0,1.0,1.0,79.65,S,Mr,E
1.0,1.0,female,39.0,1.0,1.0,79.65,S,Mrs,E
1.0,1.0,male,48.0,1.0,0.0,52.0,S,Mr,C
1.0,1.0,female,37.5647706876035,1.0,0.0,52.0,S,Mrs,C
1.0,0.0,male,49.0,1.0,1.0,110.8833,C,Mr,C
1.0,1.0,male,17.0,0.0,2.0,110.8833,C,Mr,C
1.0,1.0,female,39.0,1.0,1.0,110.8833,C,Mrs,C
1.0,1.0,female,43.05242530393983,0.0,0.0,79.2,C,Mrs,C
1.0,1.0,male,31.0,0.0,0.0,28.5375,C,Mr,C
1.0,0.0,male,40.0,0.0,0.0,27.7208,C,Rare Title,A
1.0,0.0,male,61.0,0.0,0.0,33.5,S,Mr,B
1.0,0.0,male,47.0,0.0,0.0,34.0208,S,Mr,D
1.0,1.0,female,35.0,0.0,0.0,512.3292,C,Miss,B
1.0,0.0,male,64.0,1.0,0.0,75.25,C,Mr,D
1.0,1.0,female,60.0,1.0,0.0,75.25,C,Mrs,D
1.0,0.0,male,60.0,0.0,0.0,26.55,S,Rare Title,B
1.0,0.0,male,54.0,0.0,1.0,77.2875,S,Mr,D
1.0,0.0,male,21.0,0.0,1.0,77.2875,S,Mr,D
1.0,1.0,female,55.0,0.0,0.0,135.6333,C,Mrs,C
1.0,1.0,female,31.0,0.0,2.0,164.8667,S,Miss,C
1.0,0.0,male,57.0,1.0,1.0,164.8667,S,Mr,C
1.0,1.0,female,45.0,1.0,1.0,164.8667,S,Mrs,C
1.0,0.0,male,50.0,1.0,1.0,211.5,C,Mr,C
1.0,0.0,male,27.0,0.0,2.0,211.5,C,Mr,C
1.0,1.0,female,50.0,1.0,1.0,211.5,C,Mrs,C
1.0,1.0,female,21.0,0.0,0.0,26.55,S,Miss,D
1.0,0.0,male,51.0,0.0,1.0,61.3792,C,Mr,C
1.0,1.0,male,21.0,0.0,1.0,61.3792,C,Mr,B
1.0,0.0,male,45.10632599788467,0.0,0.0,35.0,S,Mr,C
1.0,1.0,female,31.0,0.0,0.0,134.5,C,Miss,E
1.0,1.0,male,37.93482784059971,0.0,0.0,35.5,S,Mr,C
1.0,0.0,male,62.0,0.0,0.0,26.55,S,Mr,A
1.0,1.0,female,36.0,0.0,0.0,135.6333,C,Miss,C
2.0,0.0,male,30.0,1.0,0.0,24.0,C,Mr,F
2.0,1.0,female,28.0,1.0,0.0,24.0,C,Mrs,E
2.0,0.0,male,30.0,0.0,0.0,13.0,S,Mr,F
2.0,0.0,male,18.0,0.0,0.0,11.5,S,Mr,F
2.0,0.0,male,25.0,0.0,0.0,10.5,S,Mr,F
2.0,0.0,male,34.0,1.0,0.0,26.0,S,Mr,F
2.0,1.0,female,36.0,1.0,0.0,26.0,S,Mrs,E
2.0,0.0,male,57.0,0.0,0.0,13.0,S,Mr,A
2.0,0.0,male,18.0,0.0,0.0,11.5,S,Mr,F
2.0,0.0,male,23.0,0.0,0.0,10.5,S,Mr,F
2.0,1.0,female,36.0,0.0,0.0,13.0,S,Mrs,D
2.0,0.0,male,28.0,0.0,0.0,10.5,S,Mr,F
2.0,0.0,male,51.0,0.0,0.0,12.525,S,Rare Title,A
2.0,1.0,male,32.0,1.0,0.0,26.0,S,Mr,E
2.0,1.0,female,19.0,1.0,0.0,26.0,S,Mrs,F
2.0,0.0,male,28.0,0.0,0.0,26.0,S,Mr,F
2.0,1.0,male,1.0,2.0,1.0,39.0,S,Master,F
2.0,1.0,female,4.0,2.0,1.0,39.0,S,Miss,F
2.0,1.0,female,12.0,2.0,1.0,39.0,S,Miss,F
2.0,1.0,female,36.0,0.0,3.0,39.0,S,Mrs,F
2.0,1.0,male,34.0,0.0,0.0,13.0,S,Mr,D
2.0,1.0,female,19.0,0.0,0.0,13.0,S,Miss,F
2.0,0.0,male,23.0,0.0,0.0,13.0,S,Mr,F
2.0,0.0,male,26.0,0.0,0.0,13.0,S,Mr,F
2.0,0.0,male,42.0,0.0,0.0,13.0,S,Mr,A
2.0,0.0,male,27.0,0.0,0.0,13.0,S,Mr,F
2.0,1.0,female,24.0,0.0,0.0,13.0,S,Miss,F
2.0,1.0,female,15.0,0.0,2.0,39.0,S,Miss,D
2.0,0.0,male,60.0,1.0,1.0,39.0,S,Mr,B
2.0,1.0,female,40.0,1.0,1.0,39.0,S,Mrs,C
2.0,1.0,female,20.0,1.0,0.0,26.0,S,Miss,D
2.0,0.0,male,25.0,1.0,0.0,26.0,S,Mr,F
2.0,1.0,female,36.0,0.0,0.0,13.0,S,Miss,E
2.0,0.0,male,25.0,0.0,0.0,13.0,S,Mr,F
2.0,0.0,male,42.0,0.0,0.0,13.0,S,Rare Title,A
2.0,1.0,female,42.0,0.0,0.0,13.0,S,Mrs,E
2.0,1.0,male,0.8333,0.0,2.0,29.0,S,Master,F
2.0,1.0,male,26.0,1.0,1.0,29.0,S,Mr,E
2.0,1.0,female,22.0,1.0,1.0,29.0,S,Mrs,D
2.0,1.0,female,35.0,0.0,0.0,21.0,S,Miss,E
2.0,0.0,male,34.510812241582244,0.0,0.0,0.0,S,Mr,F
2.0,0.0,male,19.0,0.0,0.0,13.0,S,Mr,F
2.0,0.0,female,44.0,1.0,0.0,26.0,S,Mrs,C
2.0,0.0,male,54.0,1.0,0.0,26.0,S,Rare Title,A
2.0,0.0,male,52.0,0.0,0.0,13.5,S,Mr,A
2.0,0.0,male,37.0,1.0,0.0,26.0,S,Mr,F
2.0,0.0,female,29.0,1.0,0.0,26.0,S,Mrs,F
2.0,1.0,female,25.0,1.0,1.0,30.0,S,Miss,E
2.0,1.0,female,45.0,0.0,2.0,30.0,S,Mrs,D
2.0,0.0,male,29.0,1.0,0.0,26.0,S,Mr,F
2.0,1.0,female,28.0,1.0,0.0,26.0,S,Mrs,E
2.0,0.0,male,29.0,0.0,0.0,10.5,S,Mr,F
2.0,0.0,male,28.0,0.0,0.0,13.0,S,Mr,F
2.0,1.0,male,24.0,0.0,0.0,10.5,S,Mr,F
2.0,1.0,female,8.0,0.0,2.0,26.25,S,Miss,F
2.0,0.0,male,31.0,1.0,1.0,26.25,S,Mr,F
2.0,1.0,female,31.0,1.0,1.0,26.25,S,Mrs,E
2.0,1.0,female,22.0,0.0,0.0,10.5,S,Mrs,F
2.0,0.0,female,30.0,0.0,0.0,13.0,S,Mrs,F
2.0,0.0,female,40.48511061991867,0.0,0.0,21.0,S,Mrs,C
2.0,0.0,male,21.0,0.0,0.0,11.5,S,Mr,F
2.0,0.0,male,34.510812241582244,0.0,0.0,0.0,S,Mr,F
2.0,1.0,male,8.0,1.0,1.0,36.75,S,Master,F
2.0,0.0,male,18.0,0.0,0.0,73.5,S,Mr,D
2.0,1.0,female,48.0,0.0,2.0,36.75,S,Mrs,C
2.0,1.0,female,28.0,0.0,0.0,13.0,S,Miss,E
2.0,0.0,male,32.0,0.0,0.0,13.0,S,Mr,F
2.0,0.0,male,17.0,0.0,0.0,73.5,S,Mr,D
2.0,0.0,male,29.0,1.0,0.0,27.7208,C,Mr,F
2.0,1.0,female,24.0,1.0,0.0,27.7208,C,Mrs,D
2.0,0.0,male,25.0,0.0,0.0,31.5,S,Mr,D
2.0,0.0,male,18.0,0.0,0.0,73.5,S,Mr,D
2.0,1.0,female,18.0,0.0,1.0,23.0,S,Miss,F
2.0,1.0,female,34.0,0.0,1.0,23.0,S,Mrs,E
2.0,0.0,male,54.0,0.0,0.0,26.0,S,Mr,A
2.0,1.0,male,8.0,0.0,2.0,32.5,S,Master,F
2.0,0.0,male,42.0,1.0,1.0,32.5,S,Mr,C
2.0,1.0,female,34.0,1.0,1.0,32.5,S,Mrs,E
2.0,1.0,female,27.0,1.0,0.0,13.8583,C,Miss,E
2.0,1.0,female,30.0,1.0,0.0,13.8583,C,Miss,E
2.0,0.0,male,23.0,0.0,0.0,13.0,S,Mr,F
2.0,0.0,male,21.0,0.0,0.0,13.0,S,Mr,F
2.0,0.0,male,18.0,0.0,0.0,13.0,S,Mr,F
2.0,0.0,male,40.0,1.0,0.0,26.0,S,Mr,F
2.0,1.0,female,29.0,1.0,0.0,26.0,S,Mrs,E
2.0,0.0,male,18.0,0.0,0.0,10.5,S,Mr,F
2.0,0.0,male,36.0,0.0,0.0,13.0,S,Mr,F
2.0,0.0,male,34.510812241582244,0.0,0.0,0.0,S,Mr,F
2.0,0.0,female,38.0,0.0,0.0,13.0,S,Miss,F
2.0,0.0,male,35.0,0.0,0.0,26.0,S,Mr,F
2.0,0.0,male,38.0,1.0,0.0,21.0,S,Mr,F
2.0,0.0,male,34.0,1.0,0.0,21.0,S,Mr,F
2.0,1.0,female,34.0,0.0,0.0,13.0,S,Miss,E
2.0,0.0,male,16.0,0.0,0.0,26.0,S,Mr,D
2.0,0.0,male,26.0,0.0,0.0,10.5,S,Mr,F
2.0,0.0,male,47.0,0.0,0.0,10.5,S,Mr,A
2.0,0.0,male,21.0,1.0,0.0,11.5,S,Mr,F
2.0,0.0,male,21.0,1.0,0.0,11.5,S,Mr,F
2.0,0.0,male,24.0,0.0,0.0,13.5,S,Mr,F
2.0,0.0,male,24.0,0.0,0.0,13.0,S,Mr,F
2.0,0.0,male,34.0,0.0,0.0,13.0,S,Mr,F
2.0,0.0,male,30.0,0.0,0.0,13.0,S,Mr,F
2.0,0.0,male,52.0,0.0,0.0,13.0,S,Mr,A
2.0,0.0,male,30.0,0.0,0.0,13.0,S,Mr,F
2.0,1.0,male,0.6667,1.0,1.0,14.5,S,Master,F
2.0,1.0,female,24.0,0.0,2.0,14.5,S,Mrs,F
2.0,0.0,male,44.0,0.0,0.0,13.0,S,Mr,A
2.0,1.0,female,6.0,0.0,1.0,33.0,S,Miss,F
2.0,0.0,male,28.0,0.0,1.0,33.0,S,Rare Title,B
2.0,1.0,male,62.0,0.0,0.0,10.5,S,Mr,C
2.0,0.0,male,30.0,0.0,0.0,10.5,S,Mr,F
2.0,1.0,female,7.0,0.0,2.0,26.25,S,Miss,G
2.0,0.0,male,43.0,1.0,1.0,26.25,S,Mr,C
2.0,1.0,female,45.0,1.0,1.0,26.25,S,Mrs,D
2.0,1.0,female,24.0,1.0,2.0,65.0,S,Miss,B
2.0,1.0,female,24.0,1.0,2.0,65.0,S,Miss,B
2.0,0.0,male,49.0,1.0,2.0,65.0,S,Mr,C
2.0,1.0,female,48.0,1.0,2.0,65.0,S,Mrs,D
2.0,1.0,female,55.0,0.0,0.0,16.0,S,Mrs,C
2.0,0.0,male,24.0,2.0,0.0,73.5,S,Mr,D
2.0,0.0,male,32.0,2.0,0.0,73.5,S,Mr,C
2.0,0.0,male,21.0,2.0,0.0,73.5,S,Mr,D
2.0,0.0,female,18.0,1.0,1.0,13.0,S,Miss,G
2.0,1.0,female,20.0,2.0,1.0,23.0,S,Miss,D
2.0,0.0,male,23.0,2.0,1.0,11.5,S,Mr,F
2.0,0.0,male,36.0,0.0,0.0,13.0,S,Mr,F
2.0,1.0,female,54.0,1.0,3.0,23.0,S,Mrs,C
2.0,0.0,male,50.0,0.0,0.0,13.0,S,Mr,A
2.0,0.0,male,44.0,1.0,0.0,26.0,S,Mr,C
2.0,1.0,female,29.0,1.0,0.0,26.0,S,Mrs,E
2.0,0.0,male,21.0,0.0,0.0,73.5,S,Mr,D
2.0,1.0,male,42.0,0.0,0.0,13.0,S,Mr,E
2.0,0.0,male,63.0,1.0,0.0,26.0,S,Mr,A
2.0,0.0,female,60.0,1.0,0.0,26.0,S,Mrs,B
2.0,0.0,male,33.0,0.0,0.0,12.275,S,Mr,F
2.0,1.0,female,17.0,0.0,0.0,10.5,S,Miss,G
2.0,0.0,male,42.0,1.0,0.0,27.0,S,Mr,C
2.0,1.0,female,24.0,2.0,1.0,27.0,S,Mrs,D
2.0,0.0,male,47.0,0.0,0.0,15.0,S,Mr,A
2.0,0.0,male,24.0,2.0,0.0,31.5,S,Mr,D
2.0,0.0,male,22.0,2.0,0.0,31.5,S,Mr,D
2.0,0.0,male,32.0,0.0,0.0,10.5,S,Mr,F
2.0,1.0,female,23.0,0.0,0.0,13.7917,C,Mrs,D
2.0,0.0,male,34.0,1.0,0.0,26.0,S,Mr,F
2.0,1.0,female,24.0,1.0,0.0,26.0,S,Mrs,F
2.0,0.0,female,22.0,0.0,0.0,21.0,S,Mrs,G
2.0,1.0,female,33.24170163361441,0.0,0.0,12.35,Q,Miss,E
2.0,0.0,male,35.0,0.0,0.0,12.35,Q,Mr,F
2.0,1.0,female,45.0,0.0,0.0,13.5,S,Mrs,E
2.0,0.0,male,57.0,0.0,0.0,12.35,Q,Rare Title,A
2.0,0.0,male,34.510812241582244,0.0,0.0,0.0,S,Mr,F
2.0,0.0,male,31.0,0.0,0.0,10.5,S,Mr,F
2.0,0.0,female,26.0,1.0,1.0,26.0,S,Mrs,F
2.0,0.0,male,30.0,1.0,1.0,26.0,S,Rare Title,B
2.0,0.0,male,39.901376785675836,0.0,0.0,10.7083,Q,Mr,F
2.0,1.0,female,1.0,1.0,2.0,41.5792,C,Miss,F
2.0,1.0,female,3.0,1.0,2.0,41.5792,C,Miss,F
2.0,0.0,male,25.0,1.0,2.0,41.5792,C,Mr,D
2.0,1.0,female,22.0,1.0,2.0,41.5792,C,Mrs,D
2.0,1.0,female,17.0,0.0,0.0,12.0,C,Miss,G
2.0,1.0,female,22.72421791210295,0.0,0.0,33.0,S,Miss,D
2.0,1.0,female,34.0,0.0,0.0,10.5,S,Mrs,F
2.0,0.0,male,36.0,0.0,0.0,12.875,C,Mr,D
2.0,0.0,male,24.0,0.0,0.0,10.5,S,Mr,F
2.0,0.0,male,61.0,0.0,0.0,12.35,Q,Mr,A
2.0,0.0,male,50.0,1.0,0.0,26.0,S,Mr,C
2.0,1.0,female,42.0,1.0,0.0,26.0,S,Mrs,C
2.0,0.0,female,57.0,0.0,0.0,10.5,S,Mrs,E
2.0,0.0,male,34.134138632486696,0.0,0.0,15.0458,C,Mr,D
2.0,1.0,male,1.0,0.0,2.0,37.0042,C,Master,F
2.0,0.0,male,31.0,1.0,1.0,37.0042,C,Mr,F
2.0,1.0,female,24.0,1.0,1.0,37.0042,C,Mrs,D
2.0,0.0,male,32.337604546949485,0.0,0.0,15.5792,C,Mr,F
2.0,0.0,male,30.0,0.0,0.0,13.0,S,Mr,F
2.0,0.0,male,40.0,0.0,0.0,16.0,S,Mr,F
2.0,0.0,male,32.0,0.0,0.0,13.5,S,Mr,F
2.0,0.0,male,30.0,0.0,0.0,13.0,S,Mr,F
2.0,0.0,male,46.0,0.0,0.0,26.0,S,Mr,C
2.0,1.0,female,13.0,0.0,1.0,19.5,S,Miss,F
2.0,1.0,female,41.0,0.0,1.0,19.5,S,Mrs,E
2.0,1.0,male,19.0,0.0,0.0,10.5,S,Mr,F
2.0,0.0,male,39.0,0.0,0.0,13.0,S,Mr,F
2.0,0.0,male,48.0,0.0,0.0,13.0,S,Mr,A
2.0,0.0,male,70.0,0.0,0.0,10.5,S,Mr,A
2.0,0.0,male,27.0,0.0,0.0,13.0,S,Rare Title,B
2.0,0.0,male,54.0,0.0,0.0,14.0,S,Rare Title,A
2.0,0.0,male,39.0,0.0,0.0,26.0,S,Mr,F
2.0,0.0,male,16.0,0.0,0.0,10.5,S,Mr,F
2.0,0.0,male,62.0,0.0,0.0,9.6875,Q,Mr,A
2.0,0.0,male,32.5,1.0,0.0,30.0708,C,Mr,F
2.0,1.0,female,14.0,1.0,0.0,30.0708,C,Mrs,F
2.0,1.0,male,2.0,1.0,1.0,26.0,S,Master,F
2.0,1.0,male,3.0,1.0,1.0,26.0,S,Master,F
2.0,0.0,male,36.5,0.0,2.0,26.0,S,Mr,F
2.0,0.0,male,26.0,0.0,0.0,13.0,S,Mr,F
2.0,0.0,male,19.0,1.0,1.0,36.75,S,Mr,D
2.0,0.0,male,28.0,0.0,0.0,13.5,S,Mr,F
2.0,1.0,male,20.0,0.0,0.0,13.8625,C,Mr,D
2.0,1.0,female,29.0,0.0,0.0,10.5,S,Mrs,F
2.0,0.0,male,39.0,0.0,0.0,13.0,S,Mr,F
2.0,1.0,male,22.0,0.0,0.0,10.5,S,Mr,F
2.0,1.0,male,32.32101692460529,0.0,0.0,13.8625,C,Mr,E
2.0,0.0,male,23.0,0.0,0.0,10.5,S,Rare Title,B
2.0,1.0,male,29.0,0.0,0.0,13.8583,C,Mr,E
2.0,0.0,male,28.0,0.0,0.0,10.5,S,Mr,F
2.0,0.0,male,34.510812241582244,0.0,0.0,0.0,S,Mr,F
2.0,1.0,female,50.0,0.0,1.0,26.0,S,Mrs,C
2.0,0.0,male,19.0,0.0,0.0,10.5,S,Mr,F
2.0,0.0,male,32.42730115540692,0.0,0.0,15.05,C,Mr,F
2.0,0.0,male,41.0,0.0,0.0,13.0,S,Rare Title,A
2.0,1.0,female,21.0,0.0,1.0,21.0,S,Miss,D
2.0,1.0,female,19.0,0.0,0.0,26.0,S,Miss,D
2.0,0.0,male,43.0,0.0,1.0,21.0,S,Mr,C
2.0,1.0,female,32.0,0.0,0.0,13.0,S,Mrs,E
2.0,0.0,male,34.0,0.0,0.0,13.0,S,Mr,F
2.0,1.0,male,30.0,0.0,0.0,12.7375,C,Mr,E
2.0,0.0,male,27.0,0.0,0.0,15.0333,C,Mr,F
2.0,1.0,female,2.0,1.0,1.0,26.0,S,Miss,G
2.0,1.0,female,8.0,1.0,1.0,26.0,S,Miss,G
2.0,1.0,female,33.0,0.0,2.0,26.0,S,Mrs,E
2.0,0.0,male,36.0,0.0,0.0,10.5,S,Mr,F
2.0,0.0,male,34.0,1.0,0.0,21.0,S,Mr,F
2.0,1.0,female,30.0,3.0,0.0,21.0,S,Mrs,E
2.0,1.0,female,28.0,0.0,0.0,13.0,S,Miss,E
2.0,0.0,male,23.0,0.0,0.0,15.0458,C,Mr,F
2.0,1.0,male,0.8333,1.0,1.0,18.75,S,Master,F
2.0,1.0,male,3.0,1.0,1.0,18.75,S,Master,F
2.0,1.0,female,24.0,2.0,3.0,18.75,S,Mrs,F
2.0,1.0,female,50.0,0.0,0.0,10.5,S,Miss,D
2.0,0.0,male,19.0,0.0,0.0,10.5,S,Mr,F
2.0,1.0,female,21.0,0.0,0.0,10.5,S,Miss,F
2.0,0.0,male,26.0,0.0,0.0,13.0,S,Mr,F
2.0,0.0,male,25.0,0.0,0.0,13.0,S,Mr,F
2.0,0.0,male,27.0,0.0,0.0,26.0,S,Mr,F
2.0,1.0,female,25.0,0.0,1.0,26.0,S,Mrs,D
2.0,1.0,female,18.0,0.0,2.0,13.0,S,Miss,F
2.0,1.0,female,20.0,0.0,0.0,36.75,S,Miss,D
2.0,1.0,female,30.0,0.0,0.0,13.0,S,Miss,E
2.0,0.0,male,59.0,0.0,0.0,13.5,S,Mr,A
2.0,1.0,female,30.0,0.0,0.0,12.35,Q,Miss,E
2.0,0.0,male,35.0,0.0,0.0,10.5,S,Mr,F
2.0,1.0,female,40.0,0.0,0.0,13.0,S,Miss,E
2.0,0.0,male,25.0,0.0,0.0,13.0,S,Mr,F
2.0,0.0,male,41.0,0.0,0.0,15.0458,C,Mr,A
2.0,0.0,male,25.0,0.0,0.0,10.5,S,Mr,F
2.0,0.0,male,18.5,0.0,0.0,13.0,S,Mr,F
2.0,0.0,male,14.0,0.0,0.0,65.0,S,Mr,D
2.0,1.0,female,50.0,0.0,0.0,10.5,S,Miss,D
2.0,0.0,male,23.0,0.0,0.0,13.0,S,Mr,F
2.0,1.0,female,28.0,0.0,0.0,12.65,S,Mrs,F
2.0,1.0,female,27.0,0.0,0.0,10.5,S,Miss,E
2.0,0.0,male,29.0,1.0,0.0,21.0,S,Mr,F
2.0,0.0,female,27.0,1.0,0.0,21.0,S,Mrs,F
2.0,0.0,male,40.0,0.0,0.0,13.0,S,Mr,F
2.0,1.0,female,31.0,0.0,0.0,21.0,S,Miss,E
2.0,0.0,male,30.0,1.0,0.0,21.0,S,Mr,F
2.0,0.0,male,23.0,1.0,0.0,10.5,S,Mr,F
2.0,1.0,female,31.0,0.0,0.0,21.0,S,Mrs,E
2.0,0.0,male,34.510812241582244,0.0,0.0,0.0,S,Mr,F
2.0,1.0,female,12.0,0.0,0.0,15.75,S,Miss,G
2.0,1.0,female,40.0,0.0,0.0,15.75,S,Mrs,E
2.0,1.0,female,32.5,0.0,0.0,13.0,S,Miss,E
2.0,0.0,male,27.0,1.0,0.0,26.0,S,Mr,F
2.0,1.0,female,29.0,1.0,0.0,26.0,S,Mrs,E
2.0,1.0,male,2.0,1.0,1.0,23.0,S,Master,F
2.0,1.0,female,4.0,1.0,1.0,23.0,S,Miss,G
2.0,1.0,female,29.0,0.0,2.0,23.0,S,Mrs,E
2.0,1.0,female,0.9167,1.0,2.0,27.75,S,Miss,G
2.0,1.0,female,5.0,1.0,2.0,27.75,S,Miss,G
2.0,0.0,male,36.0,1.0,2.0,27.75,S,Mr,F
2.0,1.0,female,33.0,1.0,2.0,27.75,S,Mrs,E
2.0,0.0,male,66.0,0.0,0.0,10.5,S,Mr,A
2.0,0.0,male,34.483122748987185,0.0,0.0,12.875,S,Mr,F
2.0,1.0,male,31.0,0.0,0.0,13.0,S,Mr,E
2.0,1.0,male,34.105725316371164,0.0,0.0,13.0,S,Mr,E
2.0,1.0,female,26.0,0.0,0.0,13.5,S,Miss,E
2.0,0.0,female,24.0,0.0,0.0,13.0,S,Miss,F
3.0,0.0,male,42.0,0.0,0.0,7.55,S,Mr,A
3.0,0.0,male,13.0,0.0,2.0,20.25,S,Master,A
3.0,0.0,male,16.0,1.0,1.0,20.25,S,Mr,F
3.0,1.0,female,35.0,1.0,1.0,20.25,S,Mrs,E
3.0,1.0,female,16.0,0.0,0.0,7.65,S,Miss,G
3.0,1.0,male,25.0,0.0,0.0,7.65,S,Mr,F
3.0,1.0,male,20.0,0.0,0.0,7.925,S,Mr,F
3.0,1.0,female,18.0,0.0,0.0,7.2292,C,Mrs,G
3.0,0.0,male,30.0,0.0,0.0,7.25,S,Mr,F
3.0,0.0,male,26.0,0.0,0.0,8.05,S,Mr,F
3.0,0.0,female,40.0,1.0,0.0,9.475,S,Mrs,F
3.0,1.0,male,0.8333,0.0,1.0,9.35,S,Master,F
3.0,1.0,female,18.0,0.0,1.0,9.35,S,Mrs,G
3.0,1.0,male,26.0,0.0,0.0,18.7875,C,Mr,F
3.0,0.0,male,26.0,0.0,0.0,7.8875,S,Mr,F
3.0,0.0,male,20.0,0.0,0.0,7.925,S,Mr,F
3.0,0.0,male,24.0,0.0,0.0,7.05,S,Mr,F
3.0,0.0,male,25.0,0.0,0.0,7.05,S,Mr,F
3.0,0.0,male,35.0,0.0,0.0,8.05,S,Mr,F
3.0,0.0,male,18.0,0.0,0.0,8.3,S,Mr,F
3.0,0.0,male,32.0,0.0,0.0,22.525,S,Mr,F
3.0,1.0,female,19.0,1.0,0.0,7.8542,S,Miss,F
3.0,0.0,male,4.0,4.0,2.0,31.275,S,Master,A
3.0,0.0,female,6.0,4.0,2.0,31.275,S,Miss,G
3.0,0.0,female,2.0,4.0,2.0,31.275,S,Miss,G
3.0,1.0,female,17.0,4.0,2.0,7.925,S,Miss,G
3.0,0.0,female,38.0,4.0,2.0,7.775,S,Miss,F
3.0,0.0,female,9.0,4.0,2.0,31.275,S,Miss,G
3.0,0.0,female,11.0,4.0,2.0,31.275,S,Miss,G
3.0,0.0,male,39.0,1.0,5.0,31.275,S,Mr,F
3.0,1.0,male,27.0,0.0,0.0,7.7958,S,Mr,F
3.0,0.0,male,26.0,0.0,0.0,7.775,S,Mr,F
3.0,0.0,female,39.0,1.0,5.0,31.275,S,Mrs,C
3.0,0.0,male,20.0,0.0,0.0,7.8542,S,Mr,F
3.0,0.0,male,26.0,0.0,0.0,7.8958,S,Mr,F
3.0,0.0,male,25.0,1.0,0.0,17.8,S,Mr,F
3.0,0.0,female,18.0,1.0,0.0,17.8,S,Mrs,G
3.0,0.0,male,24.0,0.0,0.0,7.775,S,Mr,F
3.0,0.0,male,35.0,0.0,0.0,7.05,S,Mr,F
3.0,0.0,male,5.0,4.0,2.0,31.3875,S,Master,A
3.0,0.0,male,9.0,4.0,2.0,31.3875,S,Master,A
3.0,1.0,male,3.0,4.0,2.0,31.3875,S,Master,F
3.0,0.0,male,13.0,4.0,2.0,31.3875,S,Master,A
3.0,1.0,female,5.0,4.0,2.0,31.3875,S,Miss,F
3.0,0.0,male,40.0,1.0,5.0,31.3875,S,Mr,C
3.0,1.0,male,23.0,0.0,0.0,7.7958,S,Mr,F
3.0,1.0,female,38.0,1.0,5.0,31.3875,S,Mrs,C
3.0,1.0,female,45.0,0.0,0.0,7.225,C,Mrs,E
3.0,0.0,male,21.0,0.0,0.0,7.225,C,Mr,F
3.0,0.0,male,23.0,0.0,0.0,7.05,S,Mr,F
3.0,0.0,female,17.0,0.0,0.0,14.4583,C,Miss,G
3.0,0.0,male,30.0,0.0,0.0,7.225,C,Mr,F
3.0,0.0,male,23.0,0.0,0.0,7.8542,S,Mr,F
3.0,1.0,female,13.0,0.0,0.0,7.2292,C,Miss,G
3.0,0.0,male,20.0,0.0,0.0,7.225,C,Mr,F
3.0,0.0,male,32.0,1.0,0.0,15.85,S,Mr,F
3.0,1.0,female,33.0,3.0,0.0,15.85,S,Mrs,E
3.0,1.0,female,0.75,2.0,1.0,19.2583,C,Miss,G
3.0,1.0,female,0.75,2.0,1.0,19.2583,C,Miss,G
3.0,1.0,female,5.0,2.0,1.0,19.2583,C,Miss,G
3.0,1.0,female,24.0,0.0,3.0,19.2583,C,Mrs,F
3.0,1.0,female,18.0,0.0,0.0,8.05,S,Miss,G
3.0,0.0,male,40.0,0.0,0.0,7.225,C,Mr,F
3.0,0.0,male,26.0,0.0,0.0,7.8958,S,Mr,F
3.0,1.0,male,20.0,0.0,0.0,7.2292,C,Mr,F
3.0,0.0,female,18.0,0.0,1.0,14.4542,C,Miss,G
3.0,0.0,female,45.0,0.0,1.0,14.4542,C,Mrs,C
3.0,0.0,female,27.0,0.0,0.0,7.8792,Q,Miss,F
3.0,0.0,male,22.0,0.0,0.0,8.05,S,Mr,F
3.0,0.0,male,19.0,0.0,0.0,8.05,S,Mr,F
3.0,0.0,male,26.0,0.0,0.0,7.775,S,Mr,F
3.0,0.0,male,22.0,0.0,0.0,9.35,S,Mr,F
3.0,0.0,male,12.195545842022774,0.0,0.0,7.2292,C,Master,F
3.0,0.0,male,20.0,0.0,0.0,4.0125,C,Mr,F
3.0,1.0,male,32.0,0.0,0.0,56.4958,S,Mr,C
3.0,0.0,male,21.0,0.0,0.0,7.775,S,Mr,F
3.0,0.0,male,18.0,0.0,0.0,7.75,S,Mr,F
3.0,0.0,male,26.0,0.0,0.0,7.8958,S,Mr,F
3.0,0.0,male,6.0,1.0,1.0,15.2458,C,Master,F
3.0,0.0,female,9.0,1.0,1.0,15.2458,C,Miss,G
3.0,0.0,male,27.816535817370927,0.0,0.0,7.225,C,Mr,F
3.0,0.0,female,38.14543713591189,0.0,2.0,15.2458,C,Mrs,F
3.0,0.0,female,27.742582586679603,0.0,2.0,7.75,Q,Miss,F
3.0,0.0,male,40.0,1.0,1.0,15.5,Q,Mr,F
3.0,0.0,female,32.0,1.0,1.0,15.5,Q,Mrs,F
3.0,0.0,male,21.0,0.0,0.0,16.1,S,Mr,F
3.0,1.0,female,22.0,0.0,0.0,7.725,Q,Miss,F
3.0,0.0,female,20.0,0.0,0.0,7.8542,S,Miss,G
3.0,0.0,male,29.0,1.0,0.0,7.0458,S,Mr,F
3.0,0.0,male,22.0,1.0,0.0,7.25,S,Mr,F
3.0,0.0,male,22.0,0.0,0.0,7.7958,S,Mr,F
3.0,0.0,male,35.0,0.0,0.0,8.05,S,Mr,F
3.0,0.0,female,18.5,0.0,0.0,7.2833,Q,Miss,G
3.0,1.0,male,21.0,0.0,0.0,7.8208,Q,Mr,F
3.0,0.0,male,19.0,0.0,0.0,6.75,Q,Mr,F
3.0,0.0,female,18.0,0.0,0.0,7.8792,Q,Miss,G
3.0,0.0,female,21.0,0.0,0.0,8.6625,S,Miss,G
3.0,0.0,female,30.0,0.0,0.0,8.6625,S,Miss,F
3.0,0.0,male,18.0,0.0,0.0,8.6625,S,Mr,F
3.0,0.0,male,38.0,0.0,0.0,8.6625,S,Mr,F
3.0,0.0,male,17.0,0.0,0.0,8.6625,S,Mr,F
3.0,0.0,male,17.0,0.0,0.0,8.6625,S,Mr,F
3.0,0.0,female,21.0,0.0,0.0,7.75,Q,Miss,G
3.0,0.0,male,21.0,0.0,0.0,7.75,Q,Mr,F
3.0,0.0,male,21.0,0.0,0.0,8.05,S,Mr,F
3.0,0.0,male,25.510058981436227,1.0,0.0,14.4583,C,Mr,F
3.0,0.0,female,33.16660559195259,1.0,0.0,14.4583,C,Mrs,F
3.0,0.0,male,28.0,0.0,0.0,7.7958,S,Mr,F
3.0,0.0,male,24.0,0.0,0.0,7.8542,S,Mr,F
3.0,1.0,female,16.0,0.0,0.0,7.75,Q,Miss,G
3.0,0.0,female,37.0,0.0,0.0,7.75,Q,Miss,F
3.0,0.0,male,28.0,0.0,0.0,7.25,S,Mr,F
3.0,0.0,male,24.0,0.0,0.0,8.05,S,Mr,F
3.0,0.0,male,21.0,0.0,0.0,7.7333,Q,Mr,F
3.0,1.0,male,32.0,0.0,0.0,56.4958,S,Mr,C
3.0,0.0,male,29.0,0.0,0.0,8.05,S,Mr,F
3.0,0.0,male,26.0,1.0,0.0,14.4542,C,Mr,F
3.0,0.0,male,18.0,1.0,0.0,14.4542,C,Mr,F
3.0,0.0,male,20.0,0.0,0.0,7.05,S,Mr,F
3.0,1.0,male,18.0,0.0,0.0,8.05,S,Mr,F
3.0,0.0,male,24.0,0.0,0.0,7.25,Q,Mr,F
3.0,0.0,male,36.0,0.0,0.0,7.4958,S,Mr,F
3.0,0.0,male,24.0,0.0,0.0,7.4958,S,Mr,F
3.0,0.0,male,31.0,0.0,0.0,7.7333,Q,Mr,F
3.0,0.0,male,31.0,0.0,0.0,7.75,Q,Mr,F
3.0,1.0,female,22.0,0.0,0.0,7.75,Q,Miss,F
3.0,0.0,female,30.0,0.0,0.0,7.6292,Q,Miss,F
3.0,0.0,male,70.5,0.0,0.0,7.75,Q,Mr,A
3.0,0.0,male,43.0,0.0,0.0,8.05,S,Mr,A
3.0,0.0,male,35.0,0.0,0.0,7.8958,S,Mr,F
3.0,0.0,male,27.0,0.0,0.0,7.8958,S,Mr,F
3.0,0.0,male,19.0,0.0,0.0,7.8958,S,Mr,F
3.0,0.0,male,30.0,0.0,0.0,8.05,S,Mr,F
3.0,1.0,male,9.0,1.0,1.0,15.9,S,Master,F
3.0,1.0,male,3.0,1.0,1.0,15.9,S,Master,F
3.0,1.0,female,36.0,0.0,2.0,15.9,S,Mrs,E
3.0,0.0,male,59.0,0.0,0.0,7.25,S,Mr,A
3.0,0.0,male,19.0,0.0,0.0,8.1583,S,Mr,F
3.0,1.0,female,17.0,0.0,1.0,16.1,S,Miss,F
3.0,0.0,male,44.0,0.0,1.0,16.1,S,Mr,A
3.0,0.0,male,17.0,0.0,0.0,8.6625,S,Mr,F
3.0,0.0,male,22.5,0.0,0.0,7.225,C,Mr,F
3.0,1.0,male,45.0,0.0,0.0,8.05,S,Mr,E
3.0,0.0,female,22.0,0.0,0.0,10.5167,S,Miss,F
3.0,0.0,male,19.0,0.0,0.0,10.1708,S,Mr,F
3.0,1.0,female,30.0,0.0,0.0,6.95,Q,Miss,E
3.0,1.0,male,29.0,0.0,0.0,7.75,Q,Mr,F
3.0,0.0,male,0.3333,0.0,2.0,14.4,S,Master,F
3.0,0.0,male,34.0,1.0,1.0,14.4,S,Mr,F
3.0,0.0,female,28.0,1.0,1.0,14.4,S,Mrs,F
3.0,0.0,male,27.0,0.0,0.0,7.8958,S,Mr,F
3.0,0.0,male,25.0,0.0,0.0,7.8958,S,Mr,F
3.0,0.0,male,24.0,2.0,0.0,24.15,S,Mr,F
3.0,0.0,male,22.0,0.0,0.0,8.05,S,Mr,F
3.0,0.0,male,21.0,2.0,0.0,24.15,S,Mr,F
3.0,0.0,male,17.0,2.0,0.0,8.05,S,Mr,F
3.0,0.0,male,27.23765211958518,1.0,0.0,16.1,S,Mr,F
3.0,1.0,female,33.93708221914927,1.0,0.0,16.1,S,Mrs,E
3.0,1.0,male,36.5,1.0,0.0,17.4,S,Mr,E
3.0,1.0,female,36.0,1.0,0.0,17.4,S,Mrs,E
3.0,1.0,male,30.0,0.0,0.0,9.5,S,Mr,E
3.0,0.0,male,16.0,0.0,0.0,9.5,S,Mr,F
3.0,1.0,male,1.0,1.0,2.0,20.575,S,Master,F
3.0,1.0,female,0.1667,1.0,2.0,20.575,S,Miss,G
3.0,0.0,male,26.0,1.0,2.0,20.575,S,Mr,F
3.0,1.0,female,33.0,1.0,2.0,20.575,S,Mrs,E
3.0,0.0,male,25.0,0.0,0.0,7.8958,S,Mr,F
3.0,0.0,male,29.433017937406984,0.0,0.0,7.8958,S,Mr,F
3.0,0.0,male,29.433017937406984,0.0,0.0,7.8958,S,Mr,F
3.0,0.0,male,22.0,0.0,0.0,7.25,S,Mr,F
3.0,0.0,male,36.0,0.0,0.0,7.25,S,Mr,F
3.0,1.0,female,19.0,0.0,0.0,7.8792,Q,Miss,F
3.0,0.0,male,17.0,0.0,0.0,7.8958,S,Mr,F
3.0,0.0,male,42.0,0.0,0.0,8.6625,S,Mr,A
3.0,0.0,male,43.0,0.0,0.0,7.8958,S,Mr,A
3.0,0.0,male,27.816078779461044,0.0,0.0,7.2292,C,Mr,F
3.0,0.0,male,32.0,0.0,0.0,7.75,Q,Mr,F
3.0,1.0,male,19.0,0.0,0.0,8.05,S,Mr,F
3.0,1.0,female,30.0,0.0,0.0,12.475,S,Miss,E
3.0,0.0,female,24.0,0.0,0.0,7.75,Q,Miss,F
3.0,1.0,female,23.0,0.0,0.0,8.05,S,Miss,F
3.0,0.0,male,33.0,0.0,0.0,7.8958,C,Mr,F
3.0,0.0,male,65.0,0.0,0.0,7.75,Q,Mr,A
3.0,1.0,male,24.0,0.0,0.0,7.55,S,Mr,F
3.0,0.0,male,23.0,1.0,0.0,13.9,S,Mr,F
3.0,1.0,female,22.0,1.0,0.0,13.9,S,Mrs,F
3.0,0.0,male,18.0,0.0,0.0,7.775,S,Mr,F
3.0,0.0,male,16.0,0.0,0.0,7.775,S,Mr,F
3.0,0.0,male,45.0,0.0,0.0,6.975,S,Mr,A
3.0,0.0,male,27.816535817370927,0.0,0.0,7.225,C,Mr,F
3.0,0.0,male,39.0,0.0,2.0,7.2292,C,Mr,F
3.0,0.0,male,17.0,1.0,1.0,7.2292,C,Mr,F
3.0,0.0,male,15.0,1.0,1.0,7.2292,C,Mr,F
3.0,0.0,male,47.0,0.0,0.0,7.25,S,Mr,A
3.0,1.0,female,5.0,0.0,0.0,12.475,S,Miss,G
3.0,0.0,male,27.816535817370927,0.0,0.0,7.225,C,Mr,F
3.0,0.0,male,40.5,0.0,0.0,15.1,S,Mr,F
3.0,0.0,male,40.5,0.0,0.0,7.75,Q,Mr,F
3.0,1.0,male,27.060657378816117,0.0,0.0,7.05,S,Mr,F
3.0,0.0,male,18.0,0.0,0.0,7.7958,S,Mr,F
3.0,0.0,female,26.02608721106141,0.0,0.0,7.75,Q,Miss,F
3.0,0.0,male,34.490351471576965,0.0,0.0,7.75,Q,Mr,F
3.0,0.0,male,34.57389558011036,0.0,0.0,6.95,Q,Mr,F
3.0,0.0,male,26.0,0.0,0.0,7.8792,Q,Mr,F
3.0,0.0,male,34.490351471576965,0.0,0.0,7.75,Q,Mr,F
3.0,1.0,male,28.444056974980246,0.0,0.0,56.4958,S,Mr,E
3.0,0.0,female,21.0,2.0,2.0,34.375,S,Miss,D
3.0,0.0,female,9.0,2.0,2.0,34.375,S,Miss,G
3.0,0.0,male,29.419862531400682,0.0,0.0,8.05,S,Mr,F
3.0,0.0,male,18.0,2.0,2.0,34.375,S,Mr,D
3.0,0.0,male,16.0,1.0,3.0,34.375,S,Mr,D
3.0,0.0,female,48.0,1.0,3.0,34.375,S,Mrs,C
3.0,0.0,male,34.490351471576965,0.0,0.0,7.75,Q,Mr,F
3.0,0.0,male,29.496376709377483,0.0,0.0,7.25,S,Mr,F
3.0,0.0,male,25.0,0.0,0.0,7.7417,Q,Mr,F
3.0,0.0,male,28.869571376044235,0.0,0.0,14.5,S,Mr,F
3.0,0.0,male,27.750458599478552,0.0,0.0,7.8958,C,Mr,F
3.0,0.0,male,22.0,0.0,0.0,8.05,S,Mr,F
3.0,1.0,female,16.0,0.0,0.0,7.7333,Q,Miss,G
3.0,1.0,female,23.589866738648055,0.0,0.0,7.75,Q,Miss,F
3.0,1.0,male,9.0,0.0,2.0,20.525,S,Master,F
3.0,0.0,male,33.0,1.0,1.0,20.525,S,Mr,F
3.0,0.0,male,41.0,0.0,0.0,7.85,S,Mr,F
3.0,1.0,female,31.0,1.0,1.0,20.525,S,Mrs,E
3.0,0.0,male,38.0,0.0,0.0,7.05,S,Mr,F
3.0,0.0,male,9.0,5.0,2.0,46.9,S,Master,A
3.0,0.0,male,1.0,5.0,2.0,46.9,S,Master,A
3.0,0.0,male,11.0,5.0,2.0,46.9,S,Master,A
3.0,0.0,female,10.0,5.0,2.0,46.9,S,Miss,D
3.0,0.0,female,16.0,5.0,2.0,46.9,S,Miss,D
3.0,0.0,male,14.0,5.0,2.0,46.9,S,Mr,D
3.0,0.0,male,40.0,1.0,6.0,46.9,S,Mr,C
3.0,0.0,female,43.0,1.0,6.0,46.9,S,Mrs,C
3.0,0.0,male,51.0,0.0,0.0,8.05,S,Mr,E
3.0,0.0,male,32.0,0.0,0.0,8.3625,S,Mr,F
3.0,0.0,male,29.419862531400682,0.0,0.0,8.05,S,Mr,F
3.0,0.0,male,20.0,0.0,0.0,9.8458,S,Mr,F
3.0,0.0,male,37.0,2.0,0.0,7.925,S,Mr,F
3.0,0.0,male,28.0,2.0,0.0,7.925,S,Mr,F
3.0,0.0,male,19.0,0.0,0.0,7.775,S,Mr,F
3.0,0.0,female,24.0,0.0,0.0,8.85,S,Miss,F
3.0,0.0,female,17.0,0.0,0.0,7.7333,Q,Miss,G
3.0,0.0,male,27.391295552574547,1.0,0.0,19.9667,S,Mr,F
3.0,0.0,male,27.391295552574547,1.0,0.0,19.9667,S,Mr,F
3.0,0.0,male,28.0,1.0,0.0,15.85,S,Mr,F
3.0,1.0,female,24.0,1.0,0.0,15.85,S,Mrs,F
3.0,0.0,male,20.0,0.0,0.0,9.5,S,Mr,F
3.0,0.0,male,23.5,0.0,0.0,7.2292,C,Mr,F
3.0,0.0,male,41.0,2.0,0.0,14.1083,S,Mr,A
3.0,0.0,male,26.0,1.0,0.0,7.8542,S,Mr,F
3.0,0.0,male,21.0,0.0,0.0,7.8542,S,Mr,F
3.0,1.0,female,45.0,1.0,0.0,14.1083,S,Mrs,E
3.0,0.0,female,21.4429983938728,0.0,0.0,7.55,S,Miss,G
3.0,0.0,male,25.0,0.0,0.0,7.25,S,Mr,F
3.0,0.0,male,34.58386739494261,0.0,0.0,6.8583,Q,Mr,F
3.0,0.0,male,11.0,0.0,0.0,18.7875,C,Mr,G
3.0,1.0,female,23.589866738648055,0.0,0.0,7.75,Q,Miss,F
3.0,1.0,male,27.0,0.0,0.0,6.975,S,Mr,F
3.0,1.0,male,28.444056974980246,0.0,0.0,56.4958,S,Mr,E
3.0,0.0,female,18.0,0.0,0.0,6.75,Q,Miss,G
3.0,1.0,female,26.0,0.0,0.0,7.925,S,Miss,F
3.0,0.0,female,23.0,0.0,0.0,7.925,S,Miss,F
3.0,1.0,female,22.0,0.0,0.0,8.9625,S,Miss,F
3.0,0.0,male,28.0,0.0,0.0,7.8958,S,Mr,F
3.0,0.0,female,28.0,0.0,0.0,7.775,S,Miss,F
3.0,0.0,female,26.02608721106141,0.0,0.0,7.75,Q,Miss,F
3.0,1.0,female,2.0,0.0,1.0,12.2875,S,Miss,G
3.0,1.0,female,22.0,1.0,1.0,12.2875,S,Mrs,F
3.0,0.0,male,43.0,0.0,0.0,6.45,S,Mr,A
3.0,0.0,male,28.0,0.0,0.0,22.525,S,Mr,F
3.0,1.0,female,27.0,0.0,0.0,7.925,S,Miss,E
3.0,0.0,male,34.490351471576965,0.0,0.0,7.75,Q,Mr,F
3.0,1.0,female,18.96644789314303,0.0,0.0,8.05,S,Miss,F
3.0,0.0,male,42.0,0.0,0.0,7.65,S,Mr,F
3.0,1.0,male,26.999138000666466,0.0,0.0,7.8875,S,Mr,F
3.0,0.0,male,30.0,0.0,0.0,7.2292,C,Mr,F
3.0,0.0,male,29.433017937406984,0.0,0.0,7.8958,S,Mr,F
3.0,0.0,female,27.0,1.0,0.0,7.925,S,Miss,F
3.0,0.0,female,25.0,1.0,0.0,7.925,S,Miss,F
3.0,0.0,male,29.433017937406984,0.0,0.0,7.8958,S,Mr,F
3.0,1.0,male,29.0,0.0,0.0,7.8958,C,Mr,F
3.0,1.0,male,21.0,0.0,0.0,7.7958,S,Mr,F
3.0,0.0,male,29.51812654680834,0.0,0.0,7.05,S,Mr,F
3.0,0.0,male,20.0,0.0,0.0,7.8542,S,Mr,F
3.0,0.0,male,48.0,0.0,0.0,7.8542,S,Mr,A
3.0,0.0,male,17.0,1.0,0.0,7.0542,S,Mr,F
3.0,1.0,female,23.589866738648055,0.0,0.0,7.75,Q,Miss,F
3.0,1.0,male,26.982610264557383,0.0,0.0,8.1125,S,Mr,F
3.0,0.0,male,34.0,0.0,0.0,6.4958,S,Mr,F
3.0,1.0,male,26.0,0.0,0.0,7.775,S,Mr,F
3.0,0.0,male,22.0,0.0,0.0,7.7958,S,Mr,F
3.0,0.0,male,33.0,0.0,0.0,8.6542,S,Mr,F
3.0,0.0,male,31.0,0.0,0.0,7.775,S,Mr,F
3.0,0.0,male,29.0,0.0,0.0,7.8542,S,Mr,F
3.0,1.0,male,4.0,1.0,1.0,11.1333,S,Master,F
3.0,1.0,female,1.0,1.0,1.0,11.1333,S,Miss,G
3.0,0.0,male,49.0,0.0,0.0,0.0,S,Mr,E
3.0,0.0,male,33.0,0.0,0.0,7.775,S,Mr,F
3.0,0.0,male,19.0,0.0,0.0,0.0,S,Mr,F
3.0,1.0,female,27.0,0.0,2.0,11.1333,S,Mrs,F
3.0,0.0,male,13.418702088076483,1.0,2.0,23.45,S,Master,A
3.0,0.0,female,21.051428029742972,1.0,2.0,23.45,S,Miss,G
3.0,0.0,male,29.072181210758732,1.0,2.0,23.45,S,Mr,F
3.0,0.0,female,36.562237926069976,1.0,2.0,23.45,S,Mrs,F
3.0,0.0,male,23.0,0.0,0.0,7.8958,S,Mr,F
3.0,1.0,male,32.0,0.0,0.0,7.8542,S,Mr,E
3.0,0.0,male,27.0,0.0,0.0,7.8542,S,Mr,F
3.0,0.0,female,20.0,1.0,0.0,9.825,S,Miss,G
3.0,0.0,female,21.0,1.0,0.0,9.825,S,Miss,G
3.0,1.0,male,32.0,0.0,0.0,7.925,S,Mr,E
3.0,0.0,male,17.0,0.0,0.0,7.125,S,Mr,F
3.0,0.0,male,21.0,0.0,0.0,8.4333,S,Mr,F
3.0,0.0,male,30.0,0.0,0.0,7.8958,S,Mr,F
3.0,1.0,male,21.0,0.0,0.0,7.7958,S,Mr,F
3.0,0.0,male,33.0,0.0,0.0,7.8542,S,Mr,F
3.0,0.0,male,22.0,0.0,0.0,7.5208,S,Mr,F
3.0,1.0,female,4.0,0.0,1.0,13.4167,C,Miss,G
3.0,1.0,male,39.0,0.0,1.0,13.4167,C,Mr,E
3.0,0.0,male,27.816078779461044,0.0,0.0,7.2292,C,Mr,F
3.0,0.0,male,18.5,0.0,0.0,7.2292,C,Mr,F
3.0,0.0,male,34.490351471576965,0.0,0.0,7.75,Q,Mr,F
3.0,0.0,male,29.496376709377483,0.0,0.0,7.25,S,Mr,F
3.0,1.0,female,23.589866738648055,0.0,0.0,7.75,Q,Miss,F
3.0,1.0,female,23.589866738648055,0.0,0.0,7.75,Q,Miss,F
3.0,0.0,male,34.5,0.0,0.0,7.8292,Q,Mr,F
3.0,0.0,male,44.0,0.0,0.0,8.05,S,Mr,A
3.0,1.0,male,32.054131215359405,0.0,0.0,7.75,Q,Mr,E
3.0,0.0,male,25.509937911791226,1.0,0.0,14.4542,C,Mr,F
3.0,0.0,female,33.166484522307584,1.0,0.0,14.4542,C,Mrs,F
3.0,0.0,male,31.852410593948285,1.0,0.0,7.75,Q,Mr,F
3.0,0.0,male,31.852410593948285,1.0,0.0,7.75,Q,Mr,F
3.0,0.0,male,34.491417749236156,0.0,0.0,7.7375,Q,Mr,F
3.0,0.0,female,22.0,2.0,0.0,8.6625,S,Miss,F
3.0,0.0,male,26.0,2.0,0.0,8.6625,S,Mr,F
3.0,1.0,female,4.0,0.0,2.0,22.025,S,Miss,G
3.0,1.0,male,29.0,3.0,1.0,22.025,S,Mr,E
3.0,1.0,female,26.0,1.0,1.0,22.025,S,Mrs,F
3.0,0.0,female,1.0,1.0,1.0,12.1833,S,Miss,G
3.0,0.0,male,18.0,1.0,1.0,7.8542,S,Mr,F
3.0,0.0,female,36.0,0.0,2.0,12.1833,S,Mrs,F
3.0,0.0,male,27.750458599478552,0.0,0.0,7.8958,C,Mr,F
3.0,1.0,male,25.0,0.0,0.0,7.2292,C,Mr,F
3.0,0.0,male,27.816535817370927,0.0,0.0,7.225,C,Mr,F
3.0,0.0,female,37.0,0.0,0.0,9.5875,S,Miss,F
3.0,0.0,male,29.433017937406984,0.0,0.0,7.8958,S,Mr,F
3.0,1.0,male,28.444056974980246,0.0,0.0,56.4958,S,Mr,E
3.0,0.0,male,27.55419562470747,0.0,0.0,56.4958,S,Mr,D
3.0,1.0,female,22.0,0.0,0.0,7.25,S,Miss,F
3.0,0.0,male,34.490351471576965,0.0,0.0,7.75,Q,Mr,F
3.0,1.0,male,26.0,0.0,0.0,56.4958,S,Mr,E
3.0,0.0,male,29.0,0.0,0.0,9.4833,S,Mr,F
3.0,0.0,male,29.0,0.0,0.0,7.775,S,Mr,F
3.0,0.0,male,22.0,0.0,0.0,7.775,S,Mr,F
3.0,1.0,male,22.0,0.0,0.0,7.225,C,Mr,F
3.0,0.0,male,1.0360827610371537,3.0,1.0,25.4667,S,Master,A
3.0,0.0,female,8.668809567486822,3.0,1.0,25.4667,S,Miss,G
3.0,0.0,female,8.668809567486822,3.0,1.0,25.4667,S,Miss,G
3.0,0.0,female,8.668809567486822,3.0,1.0,25.4667,S,Miss,G
3.0,0.0,female,37.44273075587546,0.0,4.0,25.4667,S,Mrs,F
3.0,0.0,male,32.0,0.0,0.0,7.925,S,Mr,F
3.0,0.0,male,34.5,0.0,0.0,6.4375,C,Mr,F
3.0,0.0,female,23.80277376286574,1.0,0.0,15.5,Q,Miss,F
3.0,0.0,male,32.267037807185496,1.0,0.0,15.5,Q,Mr,F
3.0,0.0,male,36.0,0.0,0.0,0.0,S,Mr,F
3.0,0.0,male,39.0,0.0,0.0,24.15,S,Mr,F
3.0,0.0,male,24.0,0.0,0.0,9.5,S,Mr,F
3.0,0.0,female,25.0,0.0,0.0,7.775,S,Miss,F
3.0,0.0,female,45.0,0.0,0.0,7.75,S,Miss,A
3.0,0.0,male,36.0,1.0,0.0,15.55,S,Mr,F
3.0,0.0,female,30.0,1.0,0.0,15.55,S,Mrs,F
3.0,1.0,male,20.0,1.0,0.0,7.925,S,Mr,F
3.0,0.0,male,34.47932808039956,0.0,0.0,7.8792,Q,Mr,F
3.0,0.0,male,28.0,0.0,0.0,56.4958,S,Mr,C
3.0,0.0,male,29.46375222347594,0.0,0.0,7.55,S,Mr,F
3.0,0.0,male,30.0,1.0,0.0,16.1,S,Mr,F
3.0,0.0,female,26.0,1.0,0.0,16.1,S,Mrs,F
3.0,0.0,male,29.434434236057708,0.0,0.0,7.8792,S,Mr,F
3.0,0.0,male,20.5,0.0,0.0,7.25,S,Mr,F
3.0,1.0,male,27.0,0.0,0.0,8.6625,S,Mr,F
3.0,0.0,male,51.0,0.0,0.0,7.0542,S,Mr,E
3.0,1.0,female,23.0,0.0,0.0,7.8542,S,Miss,F
3.0,1.0,male,32.0,0.0,0.0,7.5792,S,Mr,E
3.0,0.0,male,29.433017937406984,0.0,0.0,7.8958,S,Mr,F
3.0,0.0,male,29.46375222347594,0.0,0.0,7.55,S,Mr,F
3.0,1.0,female,23.589866738648055,0.0,0.0,7.75,Q,Miss,F
3.0,1.0,male,24.0,0.0,0.0,7.1417,S,Mr,F
3.0,0.0,male,22.0,0.0,0.0,7.125,S,Mr,F
3.0,0.0,female,26.015063819884006,0.0,0.0,7.8792,Q,Miss,F
3.0,0.0,male,34.490351471576965,0.0,0.0,7.75,Q,Mr,F
3.0,0.0,male,29.419862531400682,0.0,0.0,8.05,S,Mr,F
3.0,0.0,male,29.0,0.0,0.0,7.925,S,Mr,F
3.0,1.0,male,25.364934527539084,0.0,0.0,7.2292,C,Mr,F
3.0,0.0,female,30.5,0.0,0.0,7.75,Q,Miss,F
3.0,1.0,female,23.59078600316689,0.0,0.0,7.7375,Q,Miss,F
3.0,0.0,male,23.78135913701448,0.0,0.0,7.2292,C,Mr,F
3.0,0.0,male,35.0,0.0,0.0,7.8958,C,Mr,F
3.0,0.0,male,33.0,0.0,0.0,7.8958,S,Mr,F
3.0,1.0,female,33.02179073043338,0.0,0.0,7.225,C,Mrs,E
3.0,0.0,male,27.750458599478552,0.0,0.0,7.8958,C,Mr,F
3.0,1.0,female,23.589866738648055,0.0,0.0,7.75,Q,Miss,F
3.0,1.0,male,32.054131215359405,0.0,0.0,7.75,Q,Mr,E
3.0,1.0,female,21.482263009313193,2.0,0.0,23.25,Q,Miss,D
3.0,1.0,female,21.482263009313193,2.0,0.0,23.25,Q,Miss,D
3.0,1.0,male,29.946527053632952,2.0,0.0,23.25,Q,Mr,E
3.0,1.0,female,23.587112404224268,0.0,0.0,7.7875,Q,Miss,F
3.0,0.0,male,33.82914863063028,0.0,0.0,15.5,Q,Mr,F
3.0,1.0,female,23.58037747282946,0.0,0.0,7.8792,Q,Miss,F
3.0,1.0,female,15.0,0.0,0.0,8.0292,Q,Miss,G
3.0,0.0,female,35.0,0.0,0.0,7.75,Q,Miss,F
3.0,0.0,male,34.490351471576965,0.0,0.0,7.75,Q,Mr,F
3.0,0.0,male,24.0,1.0,0.0,16.1,S,Mr,F
3.0,0.0,female,19.0,1.0,0.0,16.1,S,Mrs,G
3.0,0.0,female,26.02608721106141,0.0,0.0,7.75,Q,Miss,F
3.0,0.0,female,21.399108917993335,0.0,0.0,8.05,S,Miss,G
3.0,0.0,female,36.909918814320335,0.0,0.0,8.05,S,Mrs,F
3.0,0.0,male,55.5,0.0,0.0,8.05,S,Mr,A
3.0,0.0,male,34.490351471576965,0.0,0.0,7.75,Q,Mr,F
3.0,1.0,male,21.0,0.0,0.0,7.775,S,Mr,F
3.0,0.0,male,29.419862531400682,0.0,0.0,8.05,S,Mr,F
3.0,0.0,male,24.0,0.0,0.0,7.8958,S,Mr,F
3.0,0.0,male,21.0,0.0,0.0,7.8958,S,Mr,F
3.0,0.0,male,28.0,0.0,0.0,7.8958,S,Mr,F
3.0,0.0,male,29.433017937406984,0.0,0.0,7.8958,S,Mr,F
3.0,1.0,female,23.58037747282946,0.0,0.0,7.8792,Q,Miss,F
3.0,0.0,male,25.0,0.0,0.0,7.65,S,Mr,F
3.0,1.0,male,6.0,0.0,1.0,12.475,S,Master,E
3.0,1.0,female,27.0,0.0,1.0,12.475,S,Mrs,E
3.0,0.0,male,29.419862531400682,0.0,0.0,8.05,S,Mr,F
3.0,1.0,female,24.15751214663652,1.0,0.0,24.15,Q,Miss,D
3.0,0.0,male,32.53929684671151,1.0,0.0,24.15,Q,Mr,F
3.0,0.0,male,34.429921287840735,0.0,0.0,8.4583,Q,Mr,F
3.0,0.0,male,34.0,0.0,0.0,8.05,S,Mr,F
3.0,0.0,male,34.490351471576965,0.0,0.0,7.75,Q,Mr,F
3.0,1.0,male,27.00740100393783,0.0,0.0,7.775,S,Mr,F
3.0,1.0,male,1.5289953362988022,1.0,1.0,15.2458,C,Master,F
3.0,1.0,male,1.5289953362988022,1.0,1.0,15.2458,C,Master,F
3.0,1.0,female,28.217229211643215,0.0,2.0,15.2458,C,Mrs,F
3.0,1.0,female,33.02148113805545,0.0,0.0,7.2292,C,Mrs,E
3.0,0.0,male,29.419862531400682,0.0,0.0,8.05,S,Mr,F
3.0,1.0,female,23.59109559554482,0.0,0.0,7.7333,Q,Miss,F
3.0,1.0,female,24.0,0.0,0.0,7.75,Q,Miss,F
3.0,0.0,male,29.419862531400682,0.0,0.0,8.05,S,Mr,F
3.0,1.0,female,22.842147529383183,1.0,0.0,15.5,Q,Miss,F
3.0,1.0,female,22.842147529383183,1.0,0.0,15.5,Q,Miss,F
3.0,1.0,female,23.02058689045207,0.0,0.0,15.5,Q,Miss,F
3.0,0.0,male,18.0,0.0,0.0,7.75,S,Mr,F
3.0,0.0,male,22.0,0.0,0.0,7.8958,S,Mr,F
3.0,1.0,female,15.0,0.0,0.0,7.225,C,Miss,G
3.0,1.0,female,1.0,0.0,2.0,15.7417,C,Miss,G
3.0,1.0,male,20.0,1.0,1.0,15.7417,C,Mr,F
3.0,1.0,female,19.0,1.0,1.0,15.7417,C,Mrs,F
3.0,0.0,male,33.0,0.0,0.0,8.05,S,Mr,F
3.0,0.0,male,29.433017937406984,0.0,0.0,7.8958,S,Mr,F
3.0,0.0,male,27.816078779461044,0.0,0.0,7.2292,C,Mr,F
3.0,0.0,female,26.02608721106141,0.0,0.0,7.75,Q,Miss,F
3.0,0.0,male,29.433017937406984,0.0,0.0,7.8958,S,Mr,F
3.0,1.0,male,12.0,1.0,0.0,11.2417,C,Master,F
3.0,1.0,female,14.0,1.0,0.0,11.2417,C,Miss,G
3.0,0.0,female,29.0,0.0,0.0,7.925,S,Miss,F
3.0,0.0,male,28.0,0.0,0.0,8.05,S,Mr,F
3.0,1.0,female,18.0,0.0,0.0,7.775,S,Miss,G
3.0,1.0,female,26.0,0.0,0.0,7.8542,S,Miss,F
3.0,0.0,male,21.0,0.0,0.0,7.8542,S,Mr,F
3.0,0.0,male,41.0,0.0,0.0,7.125,S,Mr,F
3.0,1.0,male,39.0,0.0,0.0,7.925,S,Mr,E
3.0,0.0,male,21.0,0.0,0.0,7.8,S,Mr,F
3.0,0.0,male,28.5,0.0,0.0,7.2292,C,Mr,F
3.0,1.0,female,22.0,0.0,0.0,7.75,S,Miss,F
3.0,0.0,male,61.0,0.0,0.0,6.2375,S,Mr,A
3.0,0.0,male,32.267037807185496,1.0,0.0,15.5,Q,Mr,F
3.0,0.0,male,34.48359405581951,0.0,0.0,7.8292,Q,Mr,F
3.0,1.0,female,38.66327968064574,1.0,0.0,15.5,Q,Mrs,E
3.0,0.0,male,34.49177576947209,0.0,0.0,7.7333,Q,Mr,F
3.0,0.0,male,34.490351471576965,0.0,0.0,7.75,Q,Mr,F
3.0,0.0,male,34.490351471576965,0.0,0.0,7.75,Q,Mr,F
3.0,0.0,male,23.0,0.0,0.0,9.225,S,Mr,F
3.0,0.0,female,26.02608721106141,0.0,0.0,7.75,Q,Miss,F
3.0,1.0,female,23.589866738648055,0.0,0.0,7.75,Q,Miss,F
3.0,1.0,female,23.58037747282946,0.0,0.0,7.8792,Q,Miss,F
3.0,1.0,female,22.0,0.0,0.0,7.775,S,Miss,F
3.0,1.0,male,32.054131215359405,0.0,0.0,7.75,Q,Mr,E
3.0,1.0,female,23.584049342205724,0.0,0.0,7.8292,Q,Miss,F
3.0,1.0,male,9.0,0.0,1.0,3.1708,S,Master,F
3.0,0.0,male,28.0,0.0,0.0,22.525,S,Mr,F
3.0,0.0,male,42.0,0.0,1.0,8.4042,S,Mr,A
3.0,0.0,male,29.489580054083305,0.0,0.0,7.3125,S,Mr,F
3.0,0.0,female,31.0,0.0,0.0,7.8542,S,Miss,F
3.0,0.0,male,28.0,0.0,0.0,7.8542,S,Mr,F
3.0,1.0,male,32.0,0.0,0.0,7.775,S,Mr,E
3.0,0.0,male,20.0,0.0,0.0,9.225,S,Mr,F
3.0,0.0,female,23.0,0.0,0.0,8.6625,S,Miss,F
3.0,0.0,female,20.0,0.0,0.0,8.6625,S,Miss,G
3.0,0.0,male,20.0,0.0,0.0,8.6625,S,Mr,F
3.0,0.0,male,16.0,0.0,0.0,9.2167,S,Mr,F
3.0,1.0,female,31.0,0.0,0.0,8.6833,S,Mrs,E
3.0,0.0,female,26.036392832200587,0.0,0.0,7.6292,Q,Miss,F
3.0,0.0,male,2.0,3.0,1.0,21.075,S,Master,A
3.0,0.0,male,6.0,3.0,1.0,21.075,S,Master,A
3.0,0.0,female,3.0,3.0,1.0,21.075,S,Miss,G
3.0,0.0,female,8.0,3.0,1.0,21.075,S,Miss,G
3.0,0.0,female,29.0,0.0,4.0,21.075,S,Mrs,F
3.0,0.0,male,1.0,4.0,1.0,39.6875,S,Master,A
3.0,0.0,male,7.0,4.0,1.0,39.6875,S,Master,A
3.0,0.0,male,2.0,4.0,1.0,39.6875,S,Master,A
3.0,0.0,male,16.0,4.0,1.0,39.6875,S,Mr,D
3.0,0.0,male,14.0,4.0,1.0,39.6875,S,Mr,D
3.0,0.0,female,41.0,0.0,5.0,39.6875,S,Mrs,C
3.0,0.0,male,21.0,0.0,0.0,8.6625,S,Mr,F
3.0,0.0,male,19.0,0.0,0.0,14.5,S,Mr,F
3.0,0.0,male,27.680780640626352,0.0,0.0,8.7125,C,Mr,F
3.0,0.0,male,32.0,0.0,0.0,7.8958,S,Mr,F
3.0,0.0,male,0.75,1.0,1.0,13.775,S,Master,F
3.0,0.0,female,3.0,1.0,1.0,13.775,S,Miss,G
3.0,0.0,female,26.0,0.0,2.0,13.775,S,Mrs,F
3.0,0.0,male,29.52356408723948,0.0,0.0,7.0,S,Mr,F
3.0,0.0,male,29.443324315231443,0.0,0.0,7.775,S,Mr,F
3.0,0.0,male,29.419862531400682,0.0,0.0,8.05,S,Mr,F
3.0,0.0,male,21.0,0.0,0.0,7.925,S,Mr,F
3.0,0.0,male,25.0,0.0,0.0,7.925,S,Mr,F
3.0,0.0,male,22.0,0.0,0.0,7.25,S,Mr,F
3.0,1.0,male,25.0,1.0,0.0,7.775,S,Mr,F
3.0,1.0,male,4.5697891879924875,1.0,1.0,22.3583,C,Master,F
3.0,1.0,female,8.75715927614361,1.0,1.0,22.3583,C,Miss,F
3.0,1.0,female,28.538078472211673,0.0,2.0,22.3583,C,Mrs,E
3.0,0.0,female,25.993026550144165,0.0,0.0,8.1375,Q,Miss,F
3.0,0.0,male,24.0,0.0,0.0,8.05,S,Mr,F
3.0,0.0,female,28.0,0.0,0.0,7.8958,S,Miss,F
3.0,0.0,male,19.0,0.0,0.0,7.8958,S,Mr,F
3.0,0.0,male,29.433017937406984,0.0,0.0,7.8958,S,Mr,F
3.0,0.0,male,25.0,1.0,0.0,7.775,S,Mr,F
3.0,0.0,female,18.0,0.0,0.0,7.775,S,Miss,G
3.0,1.0,male,32.0,0.0,0.0,8.05,S,Mr,E
3.0,0.0,male,29.433017937406984,0.0,0.0,7.8958,S,Mr,F
3.0,0.0,male,17.0,0.0,0.0,8.6625,S,Mr,F
3.0,0.0,male,24.0,0.0,0.0,8.6625,S,Mr,F
3.0,0.0,male,29.433017937406984,0.0,0.0,7.8958,S,Mr,F
3.0,0.0,female,36.90458656124119,0.0,0.0,8.1125,S,Mrs,F
3.0,0.0,male,27.816078779461044,0.0,0.0,7.2292,C,Mr,F
3.0,0.0,male,29.496376709377483,0.0,0.0,7.25,S,Mr,F
3.0,0.0,male,38.0,0.0,0.0,7.8958,S,Mr,F
3.0,0.0,male,21.0,0.0,0.0,8.05,S,Mr,F
3.0,0.0,male,10.0,4.0,1.0,29.125,Q,Master,A
3.0,0.0,male,4.0,4.0,1.0,29.125,Q,Master,A
3.0,0.0,male,7.0,4.0,1.0,29.125,Q,Master,A
3.0,0.0,male,2.0,4.0,1.0,29.125,Q,Master,A
3.0,0.0,male,8.0,4.0,1.0,29.125,Q,Master,A
3.0,0.0,female,39.0,0.0,5.0,29.125,Q,Mrs,F
3.0,0.0,female,22.0,0.0,0.0,39.6875,S,Miss,D
3.0,0.0,male,35.0,0.0,0.0,7.125,S,Mr,F
3.0,1.0,female,23.5920131304973,0.0,0.0,7.7208,Q,Miss,F
3.0,0.0,male,28.869571376044235,0.0,0.0,14.5,S,Mr,F
3.0,0.0,female,36.35962787515968,0.0,0.0,14.5,S,Mrs,F
3.0,0.0,male,50.0,1.0,0.0,14.5,S,Mr,A
3.0,0.0,female,47.0,1.0,0.0,14.5,S,Mrs,C
3.0,0.0,male,29.419862531400682,0.0,0.0,8.05,S,Mr,F
3.0,0.0,male,29.443324315231443,0.0,0.0,7.775,S,Mr,F
3.0,0.0,female,2.0,1.0,1.0,20.2125,S,Miss,G
3.0,0.0,male,18.0,1.0,1.0,20.2125,S,Mr,F
3.0,0.0,female,41.0,0.0,2.0,20.2125,S,Mrs,C
3.0,1.0,female,18.96644789314303,0.0,0.0,8.05,S,Miss,F
3.0,0.0,male,50.0,0.0,0.0,8.05,S,Mr,E
3.0,0.0,male,16.0,0.0,0.0,8.05,S,Mr,F
3.0,1.0,male,32.054131215359405,0.0,0.0,7.75,Q,Mr,E
3.0,0.0,male,33.37613131394201,0.0,0.0,24.15,Q,Mr,F
3.0,0.0,male,27.816078779461044,0.0,0.0,7.2292,C,Mr,F
3.0,0.0,male,25.0,0.0,0.0,7.225,C,Mr,F
3.0,0.0,male,27.816535817370927,0.0,0.0,7.225,C,Mr,F
3.0,0.0,male,34.49212514187624,0.0,0.0,7.7292,Q,Mr,F
3.0,0.0,male,29.461033345162473,0.0,0.0,7.575,S,Mr,F
3.0,0.0,male,38.5,0.0,0.0,7.25,S,Mr,F
3.0,0.0,male,14.417395212297102,8.0,2.0,69.55,S,Master,A
3.0,0.0,male,14.5,8.0,2.0,69.55,S,Master,A
3.0,0.0,female,22.050120289180413,8.0,2.0,69.55,S,Miss,D
3.0,0.0,female,22.050120289180413,8.0,2.0,69.55,S,Miss,D
3.0,0.0,female,22.050120289180413,8.0,2.0,69.55,S,Miss,D
3.0,0.0,female,22.050120289180413,8.0,2.0,69.55,S,Miss,D
3.0,0.0,male,30.070873686391966,8.0,2.0,69.55,S,Mr,C
3.0,0.0,male,30.070873686391966,8.0,2.0,69.55,S,Mr,C
3.0,0.0,male,30.070873686391966,8.0,2.0,69.55,S,Mr,C
3.0,0.0,male,44.879965541757755,1.0,9.0,69.55,S,Mr,C
3.0,0.0,female,52.3700221489711,1.0,9.0,69.55,S,Mrs,C
3.0,0.0,male,24.0,0.0,0.0,9.325,S,Mr,F
3.0,1.0,female,21.0,0.0,0.0,7.65,S,Miss,F
3.0,0.0,male,39.0,0.0,0.0,7.925,S,Mr,F
3.0,0.0,male,21.432310538568686,2.0,0.0,21.6792,C,Mr,F
3.0,0.0,male,21.432310538568686,2.0,0.0,21.6792,C,Mr,F
3.0,0.0,male,21.432310538568686,2.0,0.0,21.6792,C,Mr,F
3.0,1.0,female,1.0,1.0,1.0,16.7,S,Miss,G
3.0,1.0,female,24.0,0.0,2.0,16.7,S,Mrs,G
3.0,1.0,female,4.0,1.0,1.0,16.7,S,Miss,G
3.0,1.0,male,25.0,0.0,0.0,9.5,S,Mr,F
3.0,0.0,male,20.0,0.0,0.0,8.05,S,Mr,F
3.0,0.0,male,24.5,0.0,0.0,8.05,S,Mr,F
3.0,0.0,male,34.49248402689535,0.0,0.0,7.725,Q,Mr,F
3.0,0.0,male,29.433017937406984,0.0,0.0,7.8958,S,Mr,F
3.0,0.0,male,34.490351471576965,0.0,0.0,7.75,Q,Mr,F
3.0,1.0,male,29.0,0.0,0.0,9.5,S,Mr,F
3.0,0.0,male,28.818381616766967,0.0,0.0,15.1,S,Mr,F
3.0,1.0,female,23.587723805931525,0.0,0.0,7.7792,Q,Miss,F
3.0,0.0,male,29.419862531400682,0.0,0.0,8.05,S,Mr,F
3.0,0.0,male,29.419862531400682,0.0,0.0,8.05,S,Mr,F
3.0,0.0,male,22.0,0.0,0.0,7.2292,C,Mr,F
3.0,0.0,male,29.419862531400682,0.0,0.0,8.05,S,Mr,F
3.0,0.0,male,40.0,0.0,0.0,7.8958,S,Mr,F
3.0,0.0,male,21.0,0.0,0.0,7.925,S,Mr,F
3.0,1.0,female,18.0,0.0,0.0,7.4958,S,Miss,G
3.0,0.0,male,4.0,3.0,2.0,27.9,S,Master,A
3.0,0.0,male,10.0,3.0,2.0,27.9,S,Master,A
3.0,0.0,female,9.0,3.0,2.0,27.9,S,Miss,G
3.0,0.0,female,2.0,3.0,2.0,27.9,S,Miss,G
3.0,0.0,male,40.0,1.0,4.0,27.9,S,Mr,C
3.0,0.0,female,45.0,1.0,4.0,27.9,S,Mrs,C
3.0,0.0,male,29.433017937406984,0.0,0.0,7.8958,S,Mr,F
3.0,0.0,male,29.419862531400682,0.0,0.0,8.05,S,Mr,F
3.0,0.0,male,29.36760573777894,0.0,0.0,8.6625,S,Mr,F
3.0,0.0,male,34.490351471576965,0.0,0.0,7.75,Q,Mr,F
3.0,1.0,female,23.59109559554482,0.0,0.0,7.7333,Q,Miss,F
3.0,0.0,male,19.0,0.0,0.0,7.65,S,Mr,F
3.0,0.0,male,30.0,0.0,0.0,8.05,S,Mr,F
3.0,0.0,male,29.419862531400682,0.0,0.0,8.05,S,Mr,F
3.0,0.0,male,32.0,0.0,0.0,8.05,S,Mr,F
3.0,0.0,male,29.433017937406984,0.0,0.0,7.8958,S,Mr,F
3.0,0.0,male,33.0,0.0,0.0,8.6625,C,Mr,F
3.0,1.0,female,23.0,0.0,0.0,7.55,S,Miss,F
3.0,0.0,male,21.0,0.0,0.0,8.05,S,Mr,F
3.0,0.0,male,60.5,0.0,0.0,-2.4621097146450026,S,Mr,A
3.0,0.0,male,19.0,0.0,0.0,7.8958,S,Mr,F
3.0,0.0,female,22.0,0.0,0.0,9.8375,S,Miss,F
3.0,1.0,male,31.0,0.0,0.0,7.925,S,Mr,E
3.0,0.0,male,27.0,0.0,0.0,8.6625,S,Mr,F
3.0,0.0,female,2.0,0.0,1.0,10.4625,S,Miss,G
3.0,0.0,female,29.0,1.0,1.0,10.4625,S,Mrs,G
3.0,1.0,male,16.0,0.0,0.0,8.05,S,Mr,F
3.0,1.0,male,44.0,0.0,0.0,7.925,S,Mr,E
3.0,0.0,male,25.0,0.0,0.0,7.05,S,Mr,F
3.0,0.0,male,74.0,0.0,0.0,7.775,S,Mr,A
3.0,1.0,male,14.0,0.0,0.0,9.225,S,Mr,F
3.0,0.0,male,24.0,0.0,0.0,7.7958,S,Mr,F
3.0,1.0,male,25.0,0.0,0.0,7.7958,S,Mr,F
3.0,0.0,male,34.0,0.0,0.0,8.05,S,Mr,F
3.0,1.0,male,0.4167,0.0,1.0,8.5167,C,Master,F
3.0,0.0,male,24.928160217098352,1.0,0.0,6.4375,C,Mr,F
3.0,0.0,male,27.902175295546034,0.0,0.0,6.4375,C,Mr,F
3.0,0.0,male,27.816535817370927,0.0,0.0,7.225,C,Mr,F
3.0,1.0,female,16.0,1.0,1.0,8.5167,C,Mrs,G
3.0,0.0,male,29.419862531400682,0.0,0.0,8.05,S,Mr,F
3.0,0.0,male,27.23765211958518,1.0,0.0,16.1,S,Mr,F
3.0,1.0,female,33.93708221914927,1.0,0.0,16.1,S,Mrs,E
3.0,0.0,male,32.0,0.0,0.0,7.925,S,Mr,F
3.0,0.0,male,30.14880092008257,0.0,0.0,7.75,Q,Mr,F
3.0,0.0,male,29.433017937406984,0.0,0.0,7.8958,S,Mr,F
3.0,0.0,male,30.5,0.0,0.0,8.05,S,Mr,F
3.0,0.0,male,44.0,0.0,0.0,8.05,S,Mr,A
3.0,0.0,male,27.816078779461044,0.0,0.0,7.2292,C,Mr,F
3.0,1.0,male,25.0,0.0,0.0,0.0,S,Mr,F
3.0,0.0,male,27.816078779461044,0.0,0.0,7.2292,C,Mr,F
3.0,1.0,male,7.0,1.0,1.0,15.2458,C,Master,F
3.0,1.0,female,9.0,1.0,1.0,15.2458,C,Miss,G
3.0,1.0,female,29.0,0.0,2.0,15.2458,C,Mrs,E
3.0,0.0,male,36.0,0.0,0.0,7.8958,S,Mr,F
3.0,1.0,female,18.0,0.0,0.0,9.8417,S,Miss,G
3.0,1.0,female,63.0,0.0,0.0,9.5875,S,Mrs,C
3.0,0.0,male,6.13236072467566,1.0,1.0,14.5,S,Master,F
3.0,0.0,male,11.5,1.0,1.0,14.5,S,Master,F
3.0,0.0,male,40.5,0.0,2.0,14.5,S,Mr,F
3.0,0.0,female,10.0,0.0,2.0,24.15,S,Miss,G
3.0,0.0,male,36.0,1.0,1.0,24.15,S,Mr,F
3.0,0.0,female,30.0,1.0,1.0,24.15,S,Mrs,F
3.0,0.0,male,29.296153568137978,0.0,0.0,9.5,S,Mr,F
3.0,0.0,male,33.0,0.0,0.0,9.5,S,Mr,F
3.0,0.0,male,28.0,0.0,0.0,9.5,S,Mr,F
3.0,0.0,male,28.0,0.0,0.0,9.5,S,Mr,F
3.0,0.0,male,47.0,0.0,0.0,9.0,S,Mr,A
3.0,0.0,female,18.0,2.0,0.0,18.0,S,Miss,G
3.0,0.0,male,31.0,3.0,0.0,18.0,S,Mr,F
3.0,0.0,male,16.0,2.0,0.0,18.0,S,Mr,F
3.0,0.0,female,31.0,1.0,0.0,18.0,S,Mrs,F
3.0,1.0,male,22.0,0.0,0.0,7.225,C,Mr,F
3.0,0.0,male,20.0,0.0,0.0,7.8542,S,Mr,F
3.0,0.0,female,14.0,0.0,0.0,7.8542,S,Miss,G
3.0,0.0,male,22.0,0.0,0.0,7.8958,S,Mr,F
3.0,0.0,male,22.0,0.0,0.0,9.0,S,Mr,F
3.0,0.0,male,29.419862531400682,0.0,0.0,8.05,S,Mr,F
3.0,0.0,male,29.46375222347594,0.0,0.0,7.55,S,Mr,F
3.0,0.0,male,29.419862531400682,0.0,0.0,8.05,S,Mr,F
3.0,0.0,male,32.5,0.0,0.0,9.5,S,Mr,F
3.0,1.0,female,38.0,0.0,0.0,7.2292,C,Mrs,E
3.0,0.0,male,51.0,0.0,0.0,7.75,S,Mr,E
3.0,0.0,male,18.0,1.0,0.0,6.4958,S,Mr,F
3.0,0.0,male,21.0,1.0,0.0,6.4958,S,Mr,F
3.0,1.0,female,47.0,1.0,0.0,7.0,S,Mrs,E
3.0,0.0,male,29.36334008665268,0.0,0.0,8.7125,S,Mr,F
3.0,0.0,male,29.46375222347594,0.0,0.0,7.55,S,Mr,F
3.0,0.0,male,29.419862531400682,0.0,0.0,8.05,S,Mr,F
3.0,0.0,male,28.5,0.0,0.0,16.1,S,Mr,F
3.0,0.0,male,21.0,0.0,0.0,7.25,S,Mr,F
3.0,0.0,male,27.0,0.0,0.0,8.6625,S,Mr,F
3.0,0.0,male,29.496376709377483,0.0,0.0,7.25,S,Mr,F
3.0,0.0,male,36.0,0.0,0.0,9.5,S,Mr,F
3.0,0.0,male,27.0,1.0,0.0,14.4542,C,Mr,F
3.0,1.0,female,15.0,1.0,0.0,14.4542,C,Mrs,G
3.0,0.0,male,45.5,0.0,0.0,7.225,C,Mr,A
3.0,0.0,male,27.816535817370927,0.0,0.0,7.225,C,Mr,F
3.0,0.0,male,27.190569648014595,0.0,0.0,14.4583,C,Mr,F
3.0,0.0,female,14.5,1.0,0.0,14.4542,C,Miss,G
3.0,0.0,female,17.49807805288612,1.0,0.0,14.4542,C,Miss,G
3.0,0.0,male,26.5,0.0,0.0,7.225,C,Mr,F
3.0,0.0,male,27.0,0.0,0.0,7.225,C,Mr,F
3.0,0.0,male,29.0,0.0,0.0,7.875,S,Mr,F
