,pclass,survived,sex,age,sibsp,parch,fare,embarked,deck,title
0,1,1,female,29.0,0,0,211.3375,S,B,Miss
1,1,1,male,0.9167,1,2,151.55,S,C,Master
2,1,0,female,2.0,1,2,151.55,S,C,Miss
3,1,0,male,30.0,1,2,151.55,S,C,Mr
4,1,0,female,25.0,1,2,151.55,S,C,Mrs
5,1,1,male,48.0,0,0,26.55,S,E,Mr
6,1,1,female,63.0,1,0,77.9583,S,D,Miss
7,1,0,male,39.0,0,0,0.0,S,A,Mr
8,1,1,female,53.0,2,0,51.4792,S,C,Mrs
9,1,0,male,71.0,0,0,49.5042,C,,Mr
10,1,0,male,47.0,1,0,227.525,C,C,Rare Title
11,1,1,female,18.0,1,0,227.525,C,C,Mrs
12,1,1,female,24.0,0,0,69.3,C,B,Mrs
13,1,1,female,26.0,0,0,78.85,S,,Miss
14,1,1,male,80.0,0,0,30.0,S,A,Mr
15,1,0,male,,0,0,25.925,S,,Mr
16,1,0,male,24.0,0,1,247.5208,C,B,Mr
17,1,1,female,50.0,0,1,247.5208,C,B,Mrs
18,1,1,female,32.0,0,0,76.2917,C,D,Miss
19,1,0,male,36.0,0,0,75.2417,C,C,Mr
20,1,1,male,37.0,1,1,52.5542,S,D,Mr
21,1,1,female,47.0,1,1,52.5542,S,D,Mrs
22,1,1,male,26.0,0,0,30.0,C,C,Mr
23,1,1,female,42.0,0,0,227.525,C,,Miss
24,1,1,female,29.0,0,0,221.7792,S,C,Miss
25,1,0,male,25.0,0,0,26.0,C,,Mr
26,1,1,male,25.0,1,0,91.0792,C,B,Mr
27,1,1,female,19.0,1,0,91.0792,C,B,Mrs
28,1,1,female,35.0,0,0,135.6333,S,C,Miss
29,1,1,male,28.0,0,0,26.55,S,C,Mr
30,1,0,male,45.0,0,0,35.5,S,T,Mr
31,1,1,male,40.0,0,0,31.0,C,A,Mr
32,1,1,female,30.0,0,0,164.8667,S,C,Miss
33,1,1,female,58.0,0,0,26.55,S,C,Miss
34,1,0,male,42.0,0,0,26.55,S,D,Mr
35,1,1,female,45.0,0,0,262.375,C,,Miss
36,1,1,female,22.0,0,1,55.0,S,E,Miss
37,1,1,male,,0,0,26.55,S,,Mr
38,1,0,male,41.0,0,0,30.5,S,A,Mr
39,1,0,male,48.0,0,0,50.4958,C,B,Mr
40,1,0,male,,0,0,39.6,C,,Rare Title
41,1,1,female,44.0,0,0,27.7208,C,B,Mrs
42,1,1,female,59.0,2,0,51.4792,S,C,Mrs
43,1,1,female,60.0,0,0,76.2917,C,D,Mrs
44,1,1,female,41.0,0,0,134.5,C,E,Miss
45,1,0,male,45.0,0,0,26.55,S,B,Rare Title
46,1,0,male,,0,0,31.0,S,,Mr
47,1,1,male,42.0,0,0,26.2875,S,E,Mr
48,1,1,female,53.0,0,0,27.4458,C,,Mrs
49,1,1,male,36.0,0,1,512.3292,C,B,Mr
50,1,1,female,58.0,0,1,512.3292,C,B,Mrs
51,1,0,male,33.0,0,0,5.0,S,B,Mr
52,1,0,male,28.0,0,0,47.1,S,,Mr
53,1,0,male,17.0,0,0,47.1,S,,Mr
54,1,1,male,11.0,1,2,120.0,S,B,Master
55,1,1,female,14.0,1,2,120.0,S,B,Miss
56,1,1,male,36.0,1,2,120.0,S,B,Mr
57,1,1,female,36.0,1,2,120.0,S,B,Mrs
58,1,0,male,49.0,0,0,26.0,S,,Mr
59,1,1,female,,0,0,27.7208,C,,Mrs
60,1,0,male,36.0,1,0,78.85,S,C,Mr
61,1,1,female,76.0,1,0,78.85,S,C,Mrs
62,1,0,male,46.0,1,0,61.175,S,E,Mr
63,1,1,female,47.0,1,0,61.175,S,E,Mrs
64,1,1,male,27.0,1,0,53.1,S,E,Mr
65,1,1,female,33.0,1,0,53.1,S,E,Mrs
66,1,1,female,36.0,0,0,262.375,C,B,Miss
67,1,1,female,30.0,0,0,86.5,S,B,Miss
68,1,1,male,45.0,0,0,29.7,C,A,Mr
69,1,1,female,,0,1,55.0,S,E,Mrs
70,1,0,male,,0,0,0.0,S,,Mr
71,1,0,male,27.0,1,0,136.7792,C,C,Mr
72,1,1,female,26.0,1,0,136.7792,C,C,Mrs
73,1,1,female,22.0,0,0,151.55,S,,Miss
74,1,0,male,,0,0,52.0,S,A,Mr
75,1,0,male,47.0,0,0,25.5875,S,E,Mr
76,1,1,female,39.0,1,1,83.1583,C,E,Miss
77,1,0,male,37.0,1,1,83.1583,C,E,Mr
78,1,1,female,64.0,0,2,83.1583,C,E,Mrs
79,1,1,female,55.0,2,0,25.7,S,C,Mrs
80,1,0,male,,0,0,26.55,S,,Mr
81,1,0,male,70.0,1,1,71.0,S,B,Rare Title
82,1,1,female,36.0,0,2,71.0,S,B,Miss
83,1,1,female,64.0,1,1,26.55,S,B,Mrs
84,1,0,male,39.0,1,0,71.2833,C,C,Mr
85,1,1,female,38.0,1,0,71.2833,C,C,Mrs
86,1,1,male,51.0,0,0,26.55,S,E,Mr
87,1,1,male,27.0,0,0,30.5,S,,Mr
88,1,1,female,33.0,0,0,151.55,S,,Miss
89,1,0,male,31.0,1,0,52.0,S,B,Mr
90,1,1,female,27.0,1,2,52.0,S,B,Mrs
91,1,1,male,31.0,1,0,57.0,S,B,Mr
92,1,1,female,17.0,1,0,57.0,S,B,Mrs
93,1,1,male,53.0,1,1,81.8583,S,A,Rare Title
94,1,1,male,4.0,0,2,81.8583,S,A,Master
95,1,1,female,54.0,1,1,81.8583,S,A,Mrs
96,1,0,male,50.0,1,0,106.425,C,C,Mr
97,1,1,female,27.0,1,1,247.5208,C,B,Mrs
98,1,1,female,48.0,1,0,106.425,C,C,Mrs
99,1,1,female,48.0,1,0,39.6,C,A,Rare Title
100,1,1,male,49.0,1,0,56.9292,C,A,Rare Title
101,1,0,male,39.0,0,0,29.7,C,A,Mr
102,1,1,female,23.0,0,1,83.1583,C,C,Mrs
103,1,1,female,38.0,0,0,227.525,C,C,Miss
104,1,1,female,54.0,1,0,78.2667,C,D,Miss
105,1,0,female,36.0,0,0,31.6792,C,A,Miss
106,1,0,male,,0,0,221.7792,S,C,Mr
107,1,1,female,,0,0,31.6833,S,,Mrs
108,1,1,female,,0,0,110.8833,C,,Miss
109,1,1,male,36.0,0,0,26.3875,S,E,Mr
110,1,0,male,30.0,0,0,27.75,C,C,Mr
111,1,1,female,24.0,3,2,263.0,S,C,Miss
112,1,1,female,28.0,3,2,263.0,S,C,Miss
113,1,1,female,23.0,3,2,263.0,S,C,Miss
114,1,0,male,19.0,3,2,263.0,S,C,Mr
115,1,0,male,64.0,1,4,263.0,S,C,Mr
116,1,1,female,60.0,1,4,263.0,S,C,Mrs
117,1,1,female,30.0,0,0,56.9292,C,E,Miss
118,1,0,male,,0,0,26.55,S,D,Mr
119,1,1,male,50.0,2,0,133.65,S,,Rare Title
120,1,1,male,43.0,1,0,27.7208,C,D,Mr
121,1,1,female,,1,0,133.65,S,,Mrs
122,1,1,female,22.0,0,2,49.5,C,B,Miss
123,1,1,male,60.0,1,1,79.2,C,B,Mr
124,1,1,female,48.0,1,1,79.2,C,B,Mrs
125,1,0,male,,0,0,0.0,S,B,Mr
126,1,0,male,37.0,1,0,53.1,S,C,Mr
127,1,1,female,35.0,1,0,53.1,S,C,Mrs
128,1,0,male,47.0,0,0,38.5,S,E,Mr
129,1,1,female,35.0,0,0,211.5,C,C,Miss
130,1,1,female,22.0,0,1,59.4,C,,Miss
131,1,1,female,45.0,0,1,59.4,C,,Mrs
132,1,0,male,24.0,0,0,79.2,C,B,Mr
133,1,1,male,49.0,1,0,89.1042,C,C,Mr
134,1,1,female,,1,0,89.1042,C,C,Mrs
135,1,0,male,71.0,0,0,34.6542,C,A,Mr
136,1,1,male,53.0,0,0,28.5,C,C,Rare Title
137,1,1,female,19.0,0,0,30.0,S,B,Miss
138,1,0,male,38.0,0,1,153.4625,S,C,Mr
139,1,1,female,58.0,0,1,153.4625,S,C,Mrs
140,1,1,male,23.0,0,1,63.3583,C,D,Mr
141,1,1,female,45.0,0,1,63.3583,C,D,Mrs
142,1,0,male,46.0,0,0,79.2,C,B,Mr
143,1,1,male,25.0,1,0,55.4417,C,E,Mr
144,1,1,female,25.0,1,0,55.4417,C,E,Mrs
145,1,1,male,48.0,1,0,76.7292,C,D,Mr
146,1,1,female,49.0,1,0,76.7292,C,D,Mrs
147,1,0,male,,0,0,42.4,S,,Mr
148,1,0,male,45.0,1,0,83.475,S,C,Mr
149,1,1,female,35.0,1,0,83.475,S,C,Mrs
150,1,0,male,40.0,0,0,0.0,S,B,Mr
151,1,1,male,27.0,0,0,76.7292,C,D,Mr
152,1,1,male,,0,0,30.0,S,D,Mr
153,1,1,female,24.0,0,0,83.1583,C,C,Miss
154,1,0,male,55.0,1,1,93.5,S,B,Mr
155,1,1,female,52.0,1,1,93.5,S,B,Mrs
156,1,0,male,42.0,0,0,42.5,S,B,Mr
157,1,0,male,,0,0,51.8625,S,E,Mr
158,1,0,male,55.0,0,0,50.0,S,C,Mr
159,1,1,female,16.0,0,1,57.9792,C,B,Miss
160,1,1,female,44.0,0,1,57.9792,C,B,Mrs
161,1,1,female,51.0,1,0,77.9583,S,D,Mrs
162,1,0,male,42.0,1,0,52.0,S,,Mr
163,1,1,female,35.0,1,0,52.0,S,,Mrs
164,1,1,male,35.0,0,0,26.55,C,,Mr
165,1,1,male,38.0,1,0,90.0,S,C,Mr
166,1,0,male,,0,0,30.6958,C,,Mr
167,1,1,female,35.0,1,0,90.0,S,C,Mrs
168,1,1,female,38.0,0,0,80.0,S,B,Miss
169,1,0,female,50.0,0,0,28.7125,C,C,Miss
170,1,1,male,49.0,0,0,0.0,S,B,Mr
171,1,0,male,46.0,0,0,26.0,S,,Mr
172,1,0,male,50.0,0,0,26.0,S,E,Mr
173,1,0,male,32.5,0,0,211.5,C,C,Mr
174,1,0,male,58.0,0,0,29.7,C,B,Mr
175,1,0,male,41.0,1,0,51.8625,S,D,Mr
176,1,1,female,,1,0,51.8625,S,D,Mrs
177,1,1,male,42.0,1,0,52.5542,S,D,Mr
178,1,1,female,45.0,1,0,52.5542,S,D,Mrs
179,1,0,male,,0,0,26.55,S,C,Mr
180,1,1,female,39.0,0,0,211.3375,S,,Miss
181,1,1,female,49.0,0,0,25.9292,S,D,Rare Title
182,1,1,female,30.0,0,0,106.425,C,,Miss
183,1,1,male,35.0,0,0,512.3292,C,B,Mr
184,1,0,male,,0,0,27.7208,C,,Mr
185,1,0,male,42.0,0,0,26.55,S,,Mr
186,1,1,female,55.0,0,0,27.7208,C,,Mrs
187,1,1,female,16.0,0,1,39.4,S,D,Miss
188,1,1,female,51.0,0,1,39.4,S,D,Mrs
189,1,0,male,29.0,0,0,30.0,S,D,Mr
190,1,1,female,21.0,0,0,77.9583,S,D,Miss
191,1,0,male,30.0,0,0,45.5,S,,Mr
192,1,1,female,58.0,0,0,146.5208,C,B,Miss
193,1,1,female,15.0,0,1,211.3375,S,B,Miss
194,1,0,male,30.0,0,0,26.0,S,C,Mr
195,1,1,female,16.0,0,0,86.5,S,B,Miss
196,1,1,male,,0,0,29.7,C,C,Mr
197,1,0,male,19.0,1,0,53.1,S,D,Mr
198,1,1,female,18.0,1,0,53.1,S,D,Mrs
199,1,1,female,24.0,0,0,49.5042,C,C,Miss
200,1,0,male,46.0,0,0,75.2417,C,C,Mr
201,1,0,male,54.0,0,0,51.8625,S,E,Mr
202,1,1,male,36.0,0,0,26.2875,S,E,Mr
203,1,0,male,28.0,1,0,82.1708,C,,Mr
204,1,1,female,,1,0,82.1708,C,,Mrs
205,1,0,male,65.0,0,0,26.55,S,E,Mr
206,1,0,male,44.0,2,0,90.0,Q,C,Rare Title
207,1,1,female,33.0,1,0,90.0,Q,C,Miss
208,1,1,female,37.0,1,0,90.0,Q,C,Mrs
209,1,1,male,30.0,1,0,57.75,C,C,Mr
210,1,0,male,55.0,0,0,30.5,S,C,Mr
211,1,0,male,47.0,0,0,42.4,S,,Mr
212,1,0,male,37.0,0,1,29.7,C,C,Mr
213,1,1,female,31.0,1,0,113.275,C,D,Miss
214,1,1,female,23.0,1,0,113.275,C,D,Miss
215,1,0,male,58.0,0,2,113.275,C,D,Mr
216,1,1,female,19.0,0,2,26.2833,S,D,Miss
217,1,0,male,64.0,0,0,26.0,S,,Mr
218,1,1,female,39.0,0,0,108.9,C,C,Rare Title
219,1,1,male,,0,0,25.7417,C,,Mr
220,1,1,female,22.0,0,1,61.9792,C,B,Miss
221,1,0,male,65.0,0,1,61.9792,C,B,Mr
222,1,0,male,28.5,0,0,27.7208,C,D,Mr
223,1,0,male,,0,0,0.0,S,,Mr
224,1,0,male,45.5,0,0,28.5,S,C,Mr
225,1,0,male,23.0,0,0,93.5,S,B,Mr
226,1,0,male,29.0,1,0,66.6,S,C,Mr
227,1,1,female,22.0,1,0,66.6,S,C,Mrs
228,1,0,male,18.0,1,0,108.9,C,C,Mr
229,1,1,female,17.0,1,0,108.9,C,C,Mrs
230,1,1,female,30.0,0,0,93.5,S,B,Miss
231,1,1,male,52.0,0,0,30.5,S,C,Rare Title
232,1,0,male,47.0,0,0,52.0,S,C,Mr
233,1,1,female,56.0,0,1,83.1583,C,C,Mrs
234,1,0,male,38.0,0,0,0.0,S,,Rare Title
235,1,1,male,,0,0,39.6,S,,Mr
236,1,0,male,22.0,0,0,135.6333,C,,Mr
237,1,0,male,,0,0,227.525,C,,Mr
238,1,1,female,43.0,0,1,211.3375,S,B,Mrs
239,1,0,male,31.0,0,0,50.4958,S,A,Mr
240,1,1,male,45.0,0,0,26.55,S,,Mr
241,1,0,male,,0,0,50.0,S,A,Mr
242,1,1,female,33.0,0,0,27.7208,C,A,Miss
243,1,0,male,46.0,0,0,79.2,C,,Mr
244,1,0,male,36.0,0,0,40.125,C,A,Mr
245,1,1,female,33.0,0,0,86.5,S,B,Rare Title
246,1,0,male,55.0,1,0,59.4,C,,Mr
247,1,1,female,54.0,1,0,59.4,C,,Mrs
248,1,0,male,33.0,0,0,26.55,S,,Mr
249,1,1,male,13.0,2,2,262.375,C,B,Master
250,1,1,female,18.0,2,2,262.375,C,B,Miss
251,1,1,female,21.0,2,2,262.375,C,B,Miss
252,1,0,male,61.0,1,3,262.375,C,B,Mr
253,1,1,female,48.0,1,3,262.375,C,B,Mrs
254,1,1,male,,0,0,30.5,S,C,Mr
255,1,1,female,24.0,0,0,69.3,C,B,Miss
256,1,1,male,,0,0,26.0,S,,Mr
257,1,1,female,35.0,1,0,57.75,C,C,Mrs
258,1,1,female,30.0,0,0,31.0,C,,Miss
259,1,1,male,34.0,0,0,26.55,S,,Mr
260,1,1,female,40.0,0,0,153.4625,S,C,Miss
261,1,1,male,35.0,0,0,26.2875,S,E,Mr
262,1,0,male,50.0,1,0,55.9,S,E,Mr
263,1,1,female,39.0,1,0,55.9,S,E,Mrs
264,1,1,male,56.0,0,0,35.5,C,A,Rare Title
265,1,1,male,28.0,0,0,35.5,S,A,Mr
266,1,0,male,56.0,0,0,26.55,S,,Mr
267,1,0,male,56.0,0,0,30.6958,C,A,Mr
268,1,0,male,24.0,1,0,60.0,S,C,Mr
269,1,0,male,,0,0,26.0,S,A,Mr
270,1,1,female,18.0,1,0,60.0,S,C,Mrs
271,1,1,male,24.0,1,0,82.2667,S,B,Mr
272,1,1,female,23.0,1,0,82.2667,S,B,Mrs
273,1,1,male,6.0,0,2,134.5,C,E,Master
274,1,1,male,45.0,1,1,134.5,C,E,Mr
275,1,1,female,40.0,1,1,134.5,C,E,Mrs
276,1,0,male,57.0,1,0,146.5208,C,B,Mr
277,1,1,female,,1,0,146.5208,C,B,Mrs
278,1,1,male,32.0,0,0,30.5,C,B,Rare Title
279,1,0,male,62.0,0,0,26.55,S,C,Mr
280,1,1,male,54.0,1,0,55.4417,C,C,Mr
281,1,1,female,43.0,1,0,55.4417,C,C,Mrs
282,1,1,female,52.0,1,0,78.2667,C,D,Mrs
283,1,0,male,,0,0,27.7208,C,,Mr
284,1,1,female,62.0,0,0,80.0,S,B,Mrs
285,1,0,male,67.0,1,0,221.7792,S,C,Mr
286,1,0,female,63.0,1,0,221.7792,S,C,Mrs
287,1,0,male,61.0,0,0,32.3208,S,D,Mr
288,1,1,female,48.0,0,0,25.9292,S,D,Mrs
289,1,1,female,18.0,0,2,79.65,S,E,Miss
290,1,0,male,52.0,1,1,79.65,S,E,Mr
291,1,1,female,39.0,1,1,79.65,S,E,Mrs
292,1,1,male,48.0,1,0,52.0,S,C,Mr
293,1,1,female,,1,0,52.0,S,C,Mrs
294,1,0,male,49.0,1,1,110.8833,C,C,Mr
295,1,1,male,17.0,0,2,110.8833,C,C,Mr
296,1,1,female,39.0,1,1,110.8833,C,C,Mrs
297,1,1,female,,0,0,79.2,C,,Mrs
298,1,1,male,31.0,0,0,28.5375,C,C,Mr
299,1,0,male,40.0,0,0,27.7208,C,,Rare Title
300,1,0,male,61.0,0,0,33.5,S,B,Mr
301,1,0,male,47.0,0,0,34.0208,S,D,Mr
302,1,1,female,35.0,0,0,512.3292,C,,Miss
303,1,0,male,64.0,1,0,75.25,C,D,Mr
304,1,1,female,60.0,1,0,75.25,C,D,Mrs
305,1,0,male,60.0,0,0,26.55,S,,Rare Title
306,1,0,male,54.0,0,1,77.2875,S,D,Mr
307,1,0,male,21.0,0,1,77.2875,S,D,Mr
308,1,1,female,55.0,0,0,135.6333,C,C,Mrs
309,1,1,female,31.0,0,2,164.8667,S,C,Miss
310,1,0,male,57.0,1,1,164.8667,S,,Mr
311,1,1,female,45.0,1,1,164.8667,S,,Mrs
312,1,0,male,50.0,1,1,211.5,C,C,Mr
313,1,0,male,27.0,0,2,211.5,C,C,Mr
314,1,1,female,50.0,1,1,211.5,C,C,Mrs
315,1,1,female,21.0,0,0,26.55,S,,Miss
316,1,0,male,51.0,0,1,61.3792,C,,Mr
317,1,1,male,21.0,0,1,61.3792,C,,Mr
318,1,0,male,,0,0,35.0,S,C,Mr
319,1,1,female,31.0,0,0,134.5,C,E,Miss
320,1,1,male,,0,0,35.5,S,C,Mr
321,1,0,male,62.0,0,0,26.55,S,,Mr
322,1,1,female,36.0,0,0,135.6333,C,C,Miss
323,2,0,male,30.0,1,0,24.0,C,,Mr
324,2,1,female,28.0,1,0,24.0,C,,Mrs
325,2,0,male,30.0,0,0,13.0,S,,Mr
326,2,0,male,18.0,0,0,11.5,S,,Mr
327,2,0,male,25.0,0,0,10.5,S,,Mr
328,2,0,male,34.0,1,0,26.0,S,,Mr
329,2,1,female,36.0,1,0,26.0,S,,Mrs
330,2,0,male,57.0,0,0,13.0,S,,Mr
331,2,0,male,18.0,0,0,11.5,S,,Mr
332,2,0,male,23.0,0,0,10.5,S,,Mr
333,2,1,female,36.0,0,0,13.0,S,D,Mrs
334,2,0,male,28.0,0,0,10.5,S,,Mr
335,2,0,male,51.0,0,0,12.525,S,,Rare Title
336,2,1,male,32.0,1,0,26.0,S,,Mr
337,2,1,female,19.0,1,0,26.0,S,,Mrs
338,2,0,male,28.0,0,0,26.0,S,,Mr
339,2,1,male,1.0,2,1,39.0,S,F,Master
340,2,1,female,4.0,2,1,39.0,S,F,Miss
341,2,1,female,12.0,2,1,39.0,S,F,Miss
342,2,1,female,36.0,0,3,39.0,S,F,Mrs
343,2,1,male,34.0,0,0,13.0,S,D,Mr
344,2,1,female,19.0,0,0,13.0,S,,Miss
345,2,0,male,23.0,0,0,13.0,S,,Mr
346,2,0,male,26.0,0,0,13.0,S,,Mr
347,2,0,male,42.0,0,0,13.0,S,,Mr
348,2,0,male,27.0,0,0,13.0,S,,Mr
349,2,1,female,24.0,0,0,13.0,S,F,Miss
350,2,1,female,15.0,0,2,39.0,S,,Miss
351,2,0,male,60.0,1,1,39.0,S,,Mr
352,2,1,female,40.0,1,1,39.0,S,,Mrs
353,2,1,female,20.0,1,0,26.0,S,,Miss
354,2,0,male,25.0,1,0,26.0,S,,Mr
355,2,1,female,36.0,0,0,13.0,S,,Miss
356,2,0,male,25.0,0,0,13.0,S,,Mr
357,2,0,male,42.0,0,0,13.0,S,,Rare Title
358,2,1,female,42.0,0,0,13.0,S,,Mrs
359,2,1,male,0.8333,0,2,29.0,S,,Master
360,2,1,male,26.0,1,1,29.0,S,,Mr
361,2,1,female,22.0,1,1,29.0,S,,Mrs
362,2,1,female,35.0,0,0,21.0,S,,Miss
363,2,0,male,,0,0,0.0,S,,Mr
364,2,0,male,19.0,0,0,13.0,S,,Mr
365,2,0,female,44.0,1,0,26.0,S,,Mrs
366,2,0,male,54.0,1,0,26.0,S,,Rare Title
367,2,0,male,52.0,0,0,13.5,S,,Mr
368,2,0,male,37.0,1,0,26.0,S,,Mr
369,2,0,female,29.0,1,0,26.0,S,,Mrs
370,2,1,female,25.0,1,1,30.0,S,,Miss
371,2,1,female,45.0,0,2,30.0,S,,Mrs
372,2,0,male,29.0,1,0,26.0,S,,Mr
373,2,1,female,28.0,1,0,26.0,S,,Mrs
374,2,0,male,29.0,0,0,10.5,S,,Mr
375,2,0,male,28.0,0,0,13.0,S,,Mr
376,2,1,male,24.0,0,0,10.5,S,,Mr
377,2,1,female,8.0,0,2,26.25,S,,Miss
378,2,0,male,31.0,1,1,26.25,S,,Mr
379,2,1,female,31.0,1,1,26.25,S,,Mrs
380,2,1,female,22.0,0,0,10.5,S,F,Mrs
381,2,0,female,30.0,0,0,13.0,S,,Mrs
382,2,0,female,,0,0,21.0,S,,Mrs
383,2,0,male,21.0,0,0,11.5,S,,Mr
384,2,0,male,,0,0,0.0,S,,Mr
385,2,1,male,8.0,1,1,36.75,S,,Master
386,2,0,male,18.0,0,0,73.5,S,,Mr
387,2,1,female,48.0,0,2,36.75,S,,Mrs
388,2,1,female,28.0,0,0,13.0,S,,Miss
389,2,0,male,32.0,0,0,13.0,S,,Mr
390,2,0,male,17.0,0,0,73.5,S,,Mr
391,2,0,male,29.0,1,0,27.7208,C,,Mr
392,2,1,female,24.0,1,0,27.7208,C,,Mrs
393,2,0,male,25.0,0,0,31.5,S,,Mr
394,2,0,male,18.0,0,0,73.5,S,,Mr
395,2,1,female,18.0,0,1,23.0,S,,Miss
396,2,1,female,34.0,0,1,23.0,S,,Mrs
397,2,0,male,54.0,0,0,26.0,S,,Mr
398,2,1,male,8.0,0,2,32.5,S,,Master
399,2,0,male,42.0,1,1,32.5,S,,Mr
400,2,1,female,34.0,1,1,32.5,S,,Mrs
401,2,1,female,27.0,1,0,13.8583,C,,Miss
402,2,1,female,30.0,1,0,13.8583,C,,Miss
403,2,0,male,23.0,0,0,13.0,S,,Mr
404,2,0,male,21.0,0,0,13.0,S,,Mr
405,2,0,male,18.0,0,0,13.0,S,,Mr
406,2,0,male,40.0,1,0,26.0,S,,Mr
407,2,1,female,29.0,1,0,26.0,S,,Mrs
408,2,0,male,18.0,0,0,10.5,S,,Mr
409,2,0,male,36.0,0,0,13.0,S,,Mr
410,2,0,male,,0,0,0.0,S,,Mr
411,2,0,female,38.0,0,0,13.0,S,,Miss
412,2,0,male,35.0,0,0,26.0,S,,Mr
413,2,0,male,38.0,1,0,21.0,S,,Mr
414,2,0,male,34.0,1,0,21.0,S,,Mr
415,2,1,female,34.0,0,0,13.0,S,,Miss
416,2,0,male,16.0,0,0,26.0,S,,Mr
417,2,0,male,26.0,0,0,10.5,S,,Mr
418,2,0,male,47.0,0,0,10.5,S,,Mr
419,2,0,male,21.0,1,0,11.5,S,,Mr
420,2,0,male,21.0,1,0,11.5,S,,Mr
421,2,0,male,24.0,0,0,13.5,S,,Mr
422,2,0,male,24.0,0,0,13.0,S,,Mr
423,2,0,male,34.0,0,0,13.0,S,,Mr
424,2,0,male,30.0,0,0,13.0,S,,Mr
425,2,0,male,52.0,0,0,13.0,S,,Mr
426,2,0,male,30.0,0,0,13.0,S,,Mr
427,2,1,male,0.6667,1,1,14.5,S,,Master
428,2,1,female,24.0,0,2,14.5,S,,Mrs
429,2,0,male,44.0,0,0,13.0,S,,Mr
430,2,1,female,6.0,0,1,33.0,S,,Miss
431,2,0,male,28.0,0,1,33.0,S,,Rare Title
432,2,1,male,62.0,0,0,10.5,S,,Mr
433,2,0,male,30.0,0,0,10.5,S,,Mr
434,2,1,female,7.0,0,2,26.25,S,,Miss
435,2,0,male,43.0,1,1,26.25,S,,Mr
436,2,1,female,45.0,1,1,26.25,S,,Mrs
437,2,1,female,24.0,1,2,65.0,S,,Miss
438,2,1,female,24.0,1,2,65.0,S,,Miss
439,2,0,male,49.0,1,2,65.0,S,,Mr
440,2,1,female,48.0,1,2,65.0,S,,Mrs
441,2,1,female,55.0,0,0,16.0,S,,Mrs
442,2,0,male,24.0,2,0,73.5,S,,Mr
443,2,0,male,32.0,2,0,73.5,S,,Mr
444,2,0,male,21.0,2,0,73.5,S,,Mr
445,2,0,female,18.0,1,1,13.0,S,,Miss
446,2,1,female,20.0,2,1,23.0,S,,Miss
447,2,0,male,23.0,2,1,11.5,S,,Mr
448,2,0,male,36.0,0,0,13.0,S,,Mr
449,2,1,female,54.0,1,3,23.0,S,,Mrs
450,2,0,male,50.0,0,0,13.0,S,,Mr
451,2,0,male,44.0,1,0,26.0,S,,Mr
452,2,1,female,29.0,1,0,26.0,S,,Mrs
453,2,0,male,21.0,0,0,73.5,S,,Mr
454,2,1,male,42.0,0,0,13.0,S,,Mr
455,2,0,male,63.0,1,0,26.0,S,,Mr
456,2,0,female,60.0,1,0,26.0,S,,Mrs
457,2,0,male,33.0,0,0,12.275,S,,Mr
458,2,1,female,17.0,0,0,10.5,S,,Miss
459,2,0,male,42.0,1,0,27.0,S,,Mr
460,2,1,female,24.0,2,1,27.0,S,,Mrs
461,2,0,male,47.0,0,0,15.0,S,,Mr
462,2,0,male,24.0,2,0,31.5,S,,Mr
463,2,0,male,22.0,2,0,31.5,S,,Mr
464,2,0,male,32.0,0,0,10.5,S,,Mr
465,2,1,female,23.0,0,0,13.7917,C,D,Mrs
466,2,0,male,34.0,1,0,26.0,S,,Mr
467,2,1,female,24.0,1,0,26.0,S,,Mrs
468,2,0,female,22.0,0,0,21.0,S,,Mrs
469,2,1,female,,0,0,12.35,Q,E,Miss
470,2,0,male,35.0,0,0,12.35,Q,,Mr
471,2,1,female,45.0,0,0,13.5,S,,Mrs
472,2,0,male,57.0,0,0,12.35,Q,,Rare Title
473,2,0,male,,0,0,0.0,S,,Mr
474,2,0,male,31.0,0,0,10.5,S,,Mr
475,2,0,female,26.0,1,1,26.0,S,,Mrs
476,2,0,male,30.0,1,1,26.0,S,,Rare Title
477,2,0,male,,0,0,10.7083,Q,,Mr
478,2,1,female,1.0,1,2,41.5792,C,,Miss
479,2,1,female,3.0,1,2,41.5792,C,,Miss
480,2,0,male,25.0,1,2,41.5792,C,,Mr
481,2,1,female,22.0,1,2,41.5792,C,,Mrs
482,2,1,female,17.0,0,0,12.0,C,,Miss
483,2,1,female,,0,0,33.0,S,,Miss
484,2,1,female,34.0,0,0,10.5,S,F,Mrs
485,2,0,male,36.0,0,0,12.875,C,D,Mr
486,2,0,male,24.0,0,0,10.5,S,,Mr
487,2,0,male,61.0,0,0,12.35,Q,,Mr
488,2,0,male,50.0,1,0,26.0,S,,Mr
489,2,1,female,42.0,1,0,26.0,S,,Mrs
490,2,0,female,57.0,0,0,10.5,S,E,Mrs
491,2,0,male,,0,0,15.0458,C,D,Mr
492,2,1,male,1.0,0,2,37.0042,C,,Master
493,2,0,male,31.0,1,1,37.0042,C,,Mr
494,2,1,female,24.0,1,1,37.0042,C,,Mrs
495,2,0,male,,0,0,15.5792,C,,Mr
496,2,0,male,30.0,0,0,13.0,S,,Mr
497,2,0,male,40.0,0,0,16.0,S,,Mr
498,2,0,male,32.0,0,0,13.5,S,,Mr
499,2,0,male,30.0,0,0,13.0,S,,Mr
500,2,0,male,46.0,0,0,26.0,S,,Mr
501,2,1,female,13.0,0,1,19.5,S,,Miss
502,2,1,female,41.0,0,1,19.5,S,,Mrs
503,2,1,male,19.0,0,0,10.5,S,,Mr
504,2,0,male,39.0,0,0,13.0,S,,Mr
505,2,0,male,48.0,0,0,13.0,S,,Mr
506,2,0,male,70.0,0,0,10.5,S,,Mr
507,2,0,male,27.0,0,0,13.0,S,,Rare Title
508,2,0,male,54.0,0,0,14.0,S,,Rare Title
509,2,0,male,39.0,0,0,26.0,S,,Mr
510,2,0,male,16.0,0,0,10.5,S,,Mr
511,2,0,male,62.0,0,0,9.6875,Q,,Mr
512,2,0,male,32.5,1,0,30.0708,C,,Mr
513,2,1,female,14.0,1,0,30.0708,C,,Mrs
514,2,1,male,2.0,1,1,26.0,S,F,Master
515,2,1,male,3.0,1,1,26.0,S,F,Master
516,2,0,male,36.5,0,2,26.0,S,F,Mr
517,2,0,male,26.0,0,0,13.0,S,F,Mr
518,2,0,male,19.0,1,1,36.75,S,,Mr
519,2,0,male,28.0,0,0,13.5,S,,Mr
520,2,1,male,20.0,0,0,13.8625,C,D,Mr
521,2,1,female,29.0,0,0,10.5,S,F,Mrs
522,2,0,male,39.0,0,0,13.0,S,,Mr
523,2,1,male,22.0,0,0,10.5,S,,Mr
524,2,1,male,,0,0,13.8625,C,,Mr
525,2,0,male,23.0,0,0,10.5,S,,Rare Title
526,2,1,male,29.0,0,0,13.8583,C,,Mr
527,2,0,male,28.0,0,0,10.5,S,,Mr
528,2,0,male,,0,0,0.0,S,,Mr
529,2,1,female,50.0,0,1,26.0,S,,Mrs
530,2,0,male,19.0,0,0,10.5,S,,Mr
531,2,0,male,,0,0,15.05,C,,Mr
532,2,0,male,41.0,0,0,13.0,S,,Rare Title
533,2,1,female,21.0,0,1,21.0,S,,Miss
534,2,1,female,19.0,0,0,26.0,S,,Miss
535,2,0,male,43.0,0,1,21.0,S,,Mr
536,2,1,female,32.0,0,0,13.0,S,,Mrs
537,2,0,male,34.0,0,0,13.0,S,,Mr
538,2,1,male,30.0,0,0,12.7375,C,,Mr
539,2,0,male,27.0,0,0,15.0333,C,,Mr
540,2,1,female,2.0,1,1,26.0,S,,Miss
541,2,1,female,8.0,1,1,26.0,S,,Miss
542,2,1,female,33.0,0,2,26.0,S,,Mrs
543,2,0,male,36.0,0,0,10.5,S,,Mr
544,2,0,male,34.0,1,0,21.0,S,,Mr
545,2,1,female,30.0,3,0,21.0,S,,Mrs
546,2,1,female,28.0,0,0,13.0,S,,Miss
547,2,0,male,23.0,0,0,15.0458,C,,Mr
548,2,1,male,0.8333,1,1,18.75,S,,Master
549,2,1,male,3.0,1,1,18.75,S,,Master
550,2,1,female,24.0,2,3,18.75,S,,Mrs
551,2,1,female,50.0,0,0,10.5,S,,Miss
552,2,0,male,19.0,0,0,10.5,S,,Mr
553,2,1,female,21.0,0,0,10.5,S,,Miss
554,2,0,male,26.0,0,0,13.0,S,,Mr
555,2,0,male,25.0,0,0,13.0,S,,Mr
556,2,0,male,27.0,0,0,26.0,S,,Mr
557,2,1,female,25.0,0,1,26.0,S,,Mrs
558,2,1,female,18.0,0,2,13.0,S,,Miss
559,2,1,female,20.0,0,0,36.75,S,,Miss
560,2,1,female,30.0,0,0,13.0,S,,Miss
561,2,0,male,59.0,0,0,13.5,S,,Mr
562,2,1,female,30.0,0,0,12.35,Q,,Miss
563,2,0,male,35.0,0,0,10.5,S,,Mr
564,2,1,female,40.0,0,0,13.0,S,,Miss
565,2,0,male,25.0,0,0,13.0,S,,Mr
566,2,0,male,41.0,0,0,15.0458,C,,Mr
567,2,0,male,25.0,0,0,10.5,S,,Mr
568,2,0,male,18.5,0,0,13.0,S,F,Mr
569,2,0,male,14.0,0,0,65.0,S,,Mr
570,2,1,female,50.0,0,0,10.5,S,,Miss
571,2,0,male,23.0,0,0,13.0,S,,Mr
572,2,1,female,28.0,0,0,12.65,S,,Mrs
573,2,1,female,27.0,0,0,10.5,S,E,Miss
574,2,0,male,29.0,1,0,21.0,S,,Mr
575,2,0,female,27.0,1,0,21.0,S,,Mrs
576,2,0,male,40.0,0,0,13.0,S,,Mr
577,2,1,female,31.0,0,0,21.0,S,,Miss
578,2,0,male,30.0,1,0,21.0,S,,Mr
579,2,0,male,23.0,1,0,10.5,S,,Mr
580,2,1,female,31.0,0,0,21.0,S,,Mrs
581,2,0,male,,0,0,0.0,S,,Mr
582,2,1,female,12.0,0,0,15.75,S,,Miss
583,2,1,female,40.0,0,0,15.75,S,,Mrs
584,2,1,female,32.5,0,0,13.0,S,E,Miss
585,2,0,male,27.0,1,0,26.0,S,,Mr
586,2,1,female,29.0,1,0,26.0,S,,Mrs
587,2,1,male,2.0,1,1,23.0,S,,Master
588,2,1,female,4.0,1,1,23.0,S,,Miss
589,2,1,female,29.0,0,2,23.0,S,,Mrs
590,2,1,female,0.9167,1,2,27.75,S,,Miss
591,2,1,female,5.0,1,2,27.75,S,,Miss
592,2,0,male,36.0,1,2,27.75,S,,Mr
593,2,1,female,33.0,1,2,27.75,S,,Mrs
594,2,0,male,66.0,0,0,10.5,S,,Mr
595,2,0,male,,0,0,12.875,S,,Mr
596,2,1,male,31.0,0,0,13.0,S,,Mr
597,2,1,male,,0,0,13.0,S,,Mr
598,2,1,female,26.0,0,0,13.5,S,,Miss
599,2,0,female,24.0,0,0,13.0,S,,Miss
600,3,0,male,42.0,0,0,7.55,S,,Mr
601,3,0,male,13.0,0,2,20.25,S,,Master
602,3,0,male,16.0,1,1,20.25,S,,Mr
603,3,1,female,35.0,1,1,20.25,S,,Mrs
604,3,1,female,16.0,0,0,7.65,S,,Miss
605,3,1,male,25.0,0,0,7.65,S,F,Mr
606,3,1,male,20.0,0,0,7.925,S,,Mr
607,3,1,female,18.0,0,0,7.2292,C,,Mrs
608,3,0,male,30.0,0,0,7.25,S,,Mr
609,3,0,male,26.0,0,0,8.05,S,,Mr
610,3,0,female,40.0,1,0,9.475,S,,Mrs
611,3,1,male,0.8333,0,1,9.35,S,,Master
612,3,1,female,18.0,0,1,9.35,S,,Mrs
613,3,1,male,26.0,0,0,18.7875,C,,Mr
614,3,0,male,26.0,0,0,7.8875,S,,Mr
615,3,0,male,20.0,0,0,7.925,S,,Mr
616,3,0,male,24.0,0,0,7.05,S,,Mr
617,3,0,male,25.0,0,0,7.05,S,,Mr
618,3,0,male,35.0,0,0,8.05,S,,Mr
619,3,0,male,18.0,0,0,8.3,S,,Mr
620,3,0,male,32.0,0,0,22.525,S,,Mr
621,3,1,female,19.0,1,0,7.8542,S,,Miss
622,3,0,male,4.0,4,2,31.275,S,,Master
623,3,0,female,6.0,4,2,31.275,S,,Miss
624,3,0,female,2.0,4,2,31.275,S,,Miss
625,3,1,female,17.0,4,2,7.925,S,,Miss
626,3,0,female,38.0,4,2,7.775,S,,Miss
627,3,0,female,9.0,4,2,31.275,S,,Miss
628,3,0,female,11.0,4,2,31.275,S,,Miss
629,3,0,male,39.0,1,5,31.275,S,,Mr
630,3,1,male,27.0,0,0,7.7958,S,,Mr
631,3,0,male,26.0,0,0,7.775,S,,Mr
632,3,0,female,39.0,1,5,31.275,S,,Mrs
633,3,0,male,20.0,0,0,7.8542,S,,Mr
634,3,0,male,26.0,0,0,7.8958,S,,Mr
635,3,0,male,25.0,1,0,17.8,S,,Mr
636,3,0,female,18.0,1,0,17.8,S,,Mrs
637,3,0,male,24.0,0,0,7.775,S,,Mr
638,3,0,male,35.0,0,0,7.05,S,,Mr
639,3,0,male,5.0,4,2,31.3875,S,,Master
640,3,0,male,9.0,4,2,31.3875,S,,Master
641,3,1,male,3.0,4,2,31.3875,S,,Master
642,3,0,male,13.0,4,2,31.3875,S,,Master
643,3,1,female,5.0,4,2,31.3875,S,,Miss
644,3,0,male,40.0,1,5,31.3875,S,,Mr
645,3,1,male,23.0,0,0,7.7958,S,,Mr
646,3,1,female,38.0,1,5,31.3875,S,,Mrs
647,3,1,female,45.0,0,0,7.225,C,,Mrs
648,3,0,male,21.0,0,0,7.225,C,,Mr
649,3,0,male,23.0,0,0,7.05,S,,Mr
650,3,0,female,17.0,0,0,14.4583,C,,Miss
651,3,0,male,30.0,0,0,7.225,C,,Mr
652,3,0,male,23.0,0,0,7.8542,S,,Mr
653,3,1,female,13.0,0,0,7.2292,C,,Miss
654,3,0,male,20.0,0,0,7.225,C,,Mr
655,3,0,male,32.0,1,0,15.85,S,,Mr
656,3,1,female,33.0,3,0,15.85,S,,Mrs
657,3,1,female,0.75,2,1,19.2583,C,,Miss
658,3,1,female,0.75,2,1,19.2583,C,,Miss
659,3,1,female,5.0,2,1,19.2583,C,,Miss
660,3,1,female,24.0,0,3,19.2583,C,,Mrs
661,3,1,female,18.0,0,0,8.05,S,,Miss
662,3,0,male,40.0,0,0,7.225,C,,Mr
663,3,0,male,26.0,0,0,7.8958,S,,Mr
664,3,1,male,20.0,0,0,7.2292,C,,Mr
665,3,0,female,18.0,0,1,14.4542,C,,Miss
666,3,0,female,45.0,0,1,14.4542,C,,Mrs
667,3,0,female,27.0,0,0,7.8792,Q,,Miss
668,3,0,male,22.0,0,0,8.05,S,,Mr
669,3,0,male,19.0,0,0,8.05,S,,Mr
670,3,0,male,26.0,0,0,7.775,S,,Mr
671,3,0,male,22.0,0,0,9.35,S,,Mr
672,3,0,male,,0,0,7.2292,C,,Master
673,3,0,male,20.0,0,0,4.0125,C,,Mr
674,3,1,male,32.0,0,0,56.4958,S,,Mr
675,3,0,male,21.0,0,0,7.775,S,,Mr
676,3,0,male,18.0,0,0,7.75,S,,Mr
677,3,0,male,26.0,0,0,7.8958,S,,Mr
678,3,0,male,6.0,1,1,15.2458,C,,Master
679,3,0,female,9.0,1,1,15.2458,C,,Miss
680,3,0,male,,0,0,7.225,C,,Mr
681,3,0,female,,0,2,15.2458,C,,Mrs
682,3,0,female,,0,2,7.75,Q,,Miss
683,3,0,male,40.0,1,1,15.5,Q,,Mr
684,3,0,female,32.0,1,1,15.5,Q,,Mrs
685,3,0,male,21.0,0,0,16.1,S,,Mr
686,3,1,female,22.0,0,0,7.725,Q,,Miss
687,3,0,female,20.0,0,0,7.8542,S,,Miss
688,3,0,male,29.0,1,0,7.0458,S,,Mr
689,3,0,male,22.0,1,0,7.25,S,,Mr
690,3,0,male,22.0,0,0,7.7958,S,,Mr
691,3,0,male,35.0,0,0,8.05,S,,Mr
692,3,0,female,18.5,0,0,7.2833,Q,,Miss
693,3,1,male,21.0,0,0,7.8208,Q,,Mr
694,3,0,male,19.0,0,0,6.75,Q,,Mr
695,3,0,female,18.0,0,0,7.8792,Q,,Miss
696,3,0,female,21.0,0,0,8.6625,S,,Miss
697,3,0,female,30.0,0,0,8.6625,S,,Miss
698,3,0,male,18.0,0,0,8.6625,S,,Mr
699,3,0,male,38.0,0,0,8.6625,S,,Mr
700,3,0,male,17.0,0,0,8.6625,S,,Mr
701,3,0,male,17.0,0,0,8.6625,S,,Mr
702,3,0,female,21.0,0,0,7.75,Q,,Miss
703,3,0,male,21.0,0,0,7.75,Q,,Mr
704,3,0,male,21.0,0,0,8.05,S,,Mr
705,3,0,male,,1,0,14.4583,C,,Mr
706,3,0,female,,1,0,14.4583,C,,Mrs
707,3,0,male,28.0,0,0,7.7958,S,,Mr
708,3,0,male,24.0,0,0,7.8542,S,,Mr
709,3,1,female,16.0,0,0,7.75,Q,,Miss
710,3,0,female,37.0,0,0,7.75,Q,,Miss
711,3,0,male,28.0,0,0,7.25,S,,Mr
712,3,0,male,24.0,0,0,8.05,S,,Mr
713,3,0,male,21.0,0,0,7.7333,Q,,Mr
714,3,1,male,32.0,0,0,56.4958,S,,Mr
715,3,0,male,29.0,0,0,8.05,S,,Mr
716,3,0,male,26.0,1,0,14.4542,C,,Mr
717,3,0,male,18.0,1,0,14.4542,C,,Mr
718,3,0,male,20.0,0,0,7.05,S,,Mr
719,3,1,male,18.0,0,0,8.05,S,,Mr
720,3,0,male,24.0,0,0,7.25,Q,,Mr
721,3,0,male,36.0,0,0,7.4958,S,,Mr
722,3,0,male,24.0,0,0,7.4958,S,,Mr
723,3,0,male,31.0,0,0,7.7333,Q,,Mr
724,3,0,male,31.0,0,0,7.75,Q,,Mr
725,3,1,female,22.0,0,0,7.75,Q,,Miss
726,3,0,female,30.0,0,0,7.6292,Q,,Miss
727,3,0,male,70.5,0,0,7.75,Q,,Mr
728,3,0,male,43.0,0,0,8.05,S,,Mr
729,3,0,male,35.0,0,0,7.8958,S,,Mr
730,3,0,male,27.0,0,0,7.8958,S,,Mr
731,3,0,male,19.0,0,0,7.8958,S,,Mr
732,3,0,male,30.0,0,0,8.05,S,,Mr
733,3,1,male,9.0,1,1,15.9,S,,Master
734,3,1,male,3.0,1,1,15.9,S,,Master
735,3,1,female,36.0,0,2,15.9,S,,Mrs
736,3,0,male,59.0,0,0,7.25,S,,Mr
737,3,0,male,19.0,0,0,8.1583,S,,Mr
738,3,1,female,17.0,0,1,16.1,S,,Miss
739,3,0,male,44.0,0,1,16.1,S,,Mr
740,3,0,male,17.0,0,0,8.6625,S,,Mr
741,3,0,male,22.5,0,0,7.225,C,,Mr
742,3,1,male,45.0,0,0,8.05,S,,Mr
743,3,0,female,22.0,0,0,10.5167,S,,Miss
744,3,0,male,19.0,0,0,10.1708,S,,Mr
745,3,1,female,30.0,0,0,6.95,Q,,Miss
746,3,1,male,29.0,0,0,7.75,Q,,Mr
747,3,0,male,0.3333,0,2,14.4,S,,Master
748,3,0,male,34.0,1,1,14.4,S,,Mr
749,3,0,female,28.0,1,1,14.4,S,,Mrs
750,3,0,male,27.0,0,0,7.8958,S,,Mr
751,3,0,male,25.0,0,0,7.8958,S,,Mr
752,3,0,male,24.0,2,0,24.15,S,,Mr
753,3,0,male,22.0,0,0,8.05,S,,Mr
754,3,0,male,21.0,2,0,24.15,S,,Mr
755,3,0,male,17.0,2,0,8.05,S,,Mr
756,3,0,male,,1,0,16.1,S,,Mr
757,3,1,female,,1,0,16.1,S,,Mrs
758,3,1,male,36.5,1,0,17.4,S,,Mr
759,3,1,female,36.0,1,0,17.4,S,,Mrs
760,3,1,male,30.0,0,0,9.5,S,,Mr
761,3,0,male,16.0,0,0,9.5,S,,Mr
762,3,1,male,1.0,1,2,20.575,S,,Master
763,3,1,female,0.1667,1,2,20.575,S,,Miss
764,3,0,male,26.0,1,2,20.575,S,,Mr
765,3,1,female,33.0,1,2,20.575,S,,Mrs
766,3,0,male,25.0,0,0,7.8958,S,,Mr
767,3,0,male,,0,0,7.8958,S,,Mr
768,3,0,male,,0,0,7.8958,S,,Mr
769,3,0,male,22.0,0,0,7.25,S,,Mr
770,3,0,male,36.0,0,0,7.25,S,,Mr
771,3,1,female,19.0,0,0,7.8792,Q,,Miss
772,3,0,male,17.0,0,0,7.8958,S,,Mr
773,3,0,male,42.0,0,0,8.6625,S,,Mr
774,3,0,male,43.0,0,0,7.8958,S,,Mr
775,3,0,male,,0,0,7.2292,C,,Mr
776,3,0,male,32.0,0,0,7.75,Q,,Mr
777,3,1,male,19.0,0,0,8.05,S,,Mr
778,3,1,female,30.0,0,0,12.475,S,,Miss
779,3,0,female,24.0,0,0,7.75,Q,,Miss
780,3,1,female,23.0,0,0,8.05,S,,Miss
781,3,0,male,33.0,0,0,7.8958,C,,Mr
782,3,0,male,65.0,0,0,7.75,Q,,Mr
783,3,1,male,24.0,0,0,7.55,S,,Mr
784,3,0,male,23.0,1,0,13.9,S,,Mr
785,3,1,female,22.0,1,0,13.9,S,,Mrs
786,3,0,male,18.0,0,0,7.775,S,,Mr
787,3,0,male,16.0,0,0,7.775,S,,Mr
788,3,0,male,45.0,0,0,6.975,S,,Mr
789,3,0,male,,0,0,7.225,C,,Mr
790,3,0,male,39.0,0,2,7.2292,C,,Mr
791,3,0,male,17.0,1,1,7.2292,C,,Mr
792,3,0,male,15.0,1,1,7.2292,C,,Mr
793,3,0,male,47.0,0,0,7.25,S,,Mr
794,3,1,female,5.0,0,0,12.475,S,,Miss
795,3,0,male,,0,0,7.225,C,,Mr
796,3,0,male,40.5,0,0,15.1,S,,Mr
797,3,0,male,40.5,0,0,7.75,Q,,Mr
798,3,1,male,,0,0,7.05,S,,Mr
799,3,0,male,18.0,0,0,7.7958,S,,Mr
800,3,0,female,,0,0,7.75,Q,,Miss
801,3,0,male,,0,0,7.75,Q,,Mr
802,3,0,male,,0,0,6.95,Q,,Mr
803,3,0,male,26.0,0,0,7.8792,Q,,Mr
804,3,0,male,,0,0,7.75,Q,,Mr
805,3,1,male,,0,0,56.4958,S,,Mr
806,3,0,female,21.0,2,2,34.375,S,,Miss
807,3,0,female,9.0,2,2,34.375,S,,Miss
808,3,0,male,,0,0,8.05,S,,Mr
809,3,0,male,18.0,2,2,34.375,S,,Mr
810,3,0,male,16.0,1,3,34.375,S,,Mr
811,3,0,female,48.0,1,3,34.375,S,,Mrs
812,3,0,male,,0,0,7.75,Q,,Mr
813,3,0,male,,0,0,7.25,S,,Mr
814,3,0,male,25.0,0,0,7.7417,Q,,Mr
815,3,0,male,,0,0,14.5,S,,Mr
816,3,0,male,,0,0,7.8958,C,,Mr
817,3,0,male,22.0,0,0,8.05,S,,Mr
818,3,1,female,16.0,0,0,7.7333,Q,,Miss
819,3,1,female,,0,0,7.75,Q,,Miss
820,3,1,male,9.0,0,2,20.525,S,,Master
821,3,0,male,33.0,1,1,20.525,S,,Mr
822,3,0,male,41.0,0,0,7.85,S,,Mr
823,3,1,female,31.0,1,1,20.525,S,,Mrs
824,3,0,male,38.0,0,0,7.05,S,,Mr
825,3,0,male,9.0,5,2,46.9,S,,Master
826,3,0,male,1.0,5,2,46.9,S,,Master
827,3,0,male,11.0,5,2,46.9,S,,Master
828,3,0,female,10.0,5,2,46.9,S,,Miss
829,3,0,female,16.0,5,2,46.9,S,,Miss
830,3,0,male,14.0,5,2,46.9,S,,Mr
831,3,0,male,40.0,1,6,46.9,S,,Mr
832,3,0,female,43.0,1,6,46.9,S,,Mrs
833,3,0,male,51.0,0,0,8.05,S,,Mr
834,3,0,male,32.0,0,0,8.3625,S,,Mr
835,3,0,male,,0,0,8.05,S,,Mr
836,3,0,male,20.0,0,0,9.8458,S,,Mr
837,3,0,male,37.0,2,0,7.925,S,,Mr
838,3,0,male,28.0,2,0,7.925,S,,Mr
839,3,0,male,19.0,0,0,7.775,S,,Mr
840,3,0,female,24.0,0,0,8.85,S,,Miss
841,3,0,female,17.0,0,0,7.7333,Q,,Miss
842,3,0,male,,1,0,19.9667,S,,Mr
843,3,0,male,,1,0,19.9667,S,,Mr
844,3,0,male,28.0,1,0,15.85,S,,Mr
845,3,1,female,24.0,1,0,15.85,S,,Mrs
846,3,0,male,20.0,0,0,9.5,S,,Mr
847,3,0,male,23.5,0,0,7.2292,C,,Mr
848,3,0,male,41.0,2,0,14.1083,S,,Mr
849,3,0,male,26.0,1,0,7.8542,S,,Mr
850,3,0,male,21.0,0,0,7.8542,S,,Mr
851,3,1,female,45.0,1,0,14.1083,S,,Mrs
852,3,0,female,,0,0,7.55,S,,Miss
853,3,0,male,25.0,0,0,7.25,S,,Mr
854,3,0,male,,0,0,6.8583,Q,,Mr
855,3,0,male,11.0,0,0,18.7875,C,,Mr
856,3,1,female,,0,0,7.75,Q,,Miss
857,3,1,male,27.0,0,0,6.975,S,,Mr
858,3,1,male,,0,0,56.4958,S,,Mr
859,3,0,female,18.0,0,0,6.75,Q,,Miss
860,3,1,female,26.0,0,0,7.925,S,,Miss
861,3,0,female,23.0,0,0,7.925,S,,Miss
862,3,1,female,22.0,0,0,8.9625,S,,Miss
863,3,0,male,28.0,0,0,7.8958,S,,Mr
864,3,0,female,28.0,0,0,7.775,S,,Miss
865,3,0,female,,0,0,7.75,Q,,Miss
866,3,1,female,2.0,0,1,12.2875,S,,Miss
867,3,1,female,22.0,1,1,12.2875,S,,Mrs
868,3,0,male,43.0,0,0,6.45,S,,Mr
869,3,0,male,28.0,0,0,22.525,S,,Mr
870,3,1,female,27.0,0,0,7.925,S,,Miss
871,3,0,male,,0,0,7.75,Q,,Mr
872,3,1,female,,0,0,8.05,S,,Miss
873,3,0,male,42.0,0,0,7.65,S,F,Mr
874,3,1,male,,0,0,7.8875,S,,Mr
875,3,0,male,30.0,0,0,7.2292,C,,Mr
876,3,0,male,,0,0,7.8958,S,,Mr
877,3,0,female,27.0,1,0,7.925,S,,Miss
878,3,0,female,25.0,1,0,7.925,S,,Miss
879,3,0,male,,0,0,7.8958,S,,Mr
880,3,1,male,29.0,0,0,7.8958,C,,Mr
881,3,1,male,21.0,0,0,7.7958,S,,Mr
882,3,0,male,,0,0,7.05,S,,Mr
883,3,0,male,20.0,0,0,7.8542,S,,Mr
884,3,0,male,48.0,0,0,7.8542,S,,Mr
885,3,0,male,17.0,1,0,7.0542,S,,Mr
886,3,1,female,,0,0,7.75,Q,,Miss
887,3,1,male,,0,0,8.1125,S,,Mr
888,3,0,male,34.0,0,0,6.4958,S,,Mr
889,3,1,male,26.0,0,0,7.775,S,,Mr
890,3,0,male,22.0,0,0,7.7958,S,,Mr
891,3,0,male,33.0,0,0,8.6542,S,,Mr
892,3,0,male,31.0,0,0,7.775,S,,Mr
893,3,0,male,29.0,0,0,7.8542,S,,Mr
894,3,1,male,4.0,1,1,11.1333,S,,Master
895,3,1,female,1.0,1,1,11.1333,S,,Miss
896,3,0,male,49.0,0,0,0.0,S,,Mr
897,3,0,male,33.0,0,0,7.775,S,,Mr
898,3,0,male,19.0,0,0,0.0,S,,Mr
899,3,1,female,27.0,0,2,11.1333,S,,Mrs
900,3,0,male,,1,2,23.45,S,,Master
901,3,0,female,,1,2,23.45,S,,Miss
902,3,0,male,,1,2,23.45,S,,Mr
903,3,0,female,,1,2,23.45,S,,Mrs
904,3,0,male,23.0,0,0,7.8958,S,,Mr
905,3,1,male,32.0,0,0,7.8542,S,,Mr
906,3,0,male,27.0,0,0,7.8542,S,,Mr
907,3,0,female,20.0,1,0,9.825,S,,Miss
908,3,0,female,21.0,1,0,9.825,S,,Miss
909,3,1,male,32.0,0,0,7.925,S,,Mr
910,3,0,male,17.0,0,0,7.125,S,,Mr
911,3,0,male,21.0,0,0,8.4333,S,,Mr
912,3,0,male,30.0,0,0,7.8958,S,,Mr
913,3,1,male,21.0,0,0,7.7958,S,,Mr
914,3,0,male,33.0,0,0,7.8542,S,,Mr
915,3,0,male,22.0,0,0,7.5208,S,,Mr
916,3,1,female,4.0,0,1,13.4167,C,,Miss
917,3,1,male,39.0,0,1,13.4167,C,,Mr
918,3,0,male,,0,0,7.2292,C,,Mr
919,3,0,male,18.5,0,0,7.2292,C,,Mr
920,3,0,male,,0,0,7.75,Q,,Mr
921,3,0,male,,0,0,7.25,S,,Mr
922,3,1,female,,0,0,7.75,Q,,Miss
923,3,1,female,,0,0,7.75,Q,,Miss
924,3,0,male,34.5,0,0,7.8292,Q,,Mr
925,3,0,male,44.0,0,0,8.05,S,,Mr
926,3,1,male,,0,0,7.75,Q,,Mr
927,3,0,male,,1,0,14.4542,C,,Mr
928,3,0,female,,1,0,14.4542,C,,Mrs
929,3,0,male,,1,0,7.75,Q,,Mr
930,3,0,male,,1,0,7.75,Q,,Mr
931,3,0,male,,0,0,7.7375,Q,,Mr
932,3,0,female,22.0,2,0,8.6625,S,,Miss
933,3,0,male,26.0,2,0,8.6625,S,,Mr
934,3,1,female,4.0,0,2,22.025,S,,Miss
935,3,1,male,29.0,3,1,22.025,S,,Mr
936,3,1,female,26.0,1,1,22.025,S,,Mrs
937,3,0,female,1.0,1,1,12.1833,S,,Miss
938,3,0,male,18.0,1,1,7.8542,S,,Mr
939,3,0,female,36.0,0,2,12.1833,S,,Mrs
940,3,0,male,,0,0,7.8958,C,,Mr
941,3,1,male,25.0,0,0,7.2292,C,F,Mr
942,3,0,male,,0,0,7.225,C,,Mr
943,3,0,female,37.0,0,0,9.5875,S,,Miss
944,3,0,male,,0,0,7.8958,S,,Mr
945,3,1,male,,0,0,56.4958,S,,Mr
946,3,0,male,,0,0,56.4958,S,,Mr
947,3,1,female,22.0,0,0,7.25,S,,Miss
948,3,0,male,,0,0,7.75,Q,,Mr
949,3,1,male,26.0,0,0,56.4958,S,,Mr
950,3,0,male,29.0,0,0,9.4833,S,,Mr
951,3,0,male,29.0,0,0,7.775,S,,Mr
952,3,0,male,22.0,0,0,7.775,S,,Mr
953,3,1,male,22.0,0,0,7.225,C,,Mr
954,3,0,male,,3,1,25.4667,S,,Master
955,3,0,female,,3,1,25.4667,S,,Miss
956,3,0,female,,3,1,25.4667,S,,Miss
957,3,0,female,,3,1,25.4667,S,,Miss
958,3,0,female,,0,4,25.4667,S,,Mrs
959,3,0,male,32.0,0,0,7.925,S,,Mr
960,3,0,male,34.5,0,0,6.4375,C,,Mr
961,3,0,female,,1,0,15.5,Q,,Miss
962,3,0,male,,1,0,15.5,Q,,Mr
963,3,0,male,36.0,0,0,0.0,S,,Mr
964,3,0,male,39.0,0,0,24.15,S,,Mr
965,3,0,male,24.0,0,0,9.5,S,,Mr
966,3,0,female,25.0,0,0,7.775,S,,Miss
967,3,0,female,45.0,0,0,7.75,S,,Miss
968,3,0,male,36.0,1,0,15.55,S,,Mr
969,3,0,female,30.0,1,0,15.55,S,,Mrs
970,3,1,male,20.0,1,0,7.925,S,,Mr
971,3,0,male,,0,0,7.8792,Q,,Mr
972,3,0,male,28.0,0,0,56.4958,S,,Mr
973,3,0,male,,0,0,7.55,S,,Mr
974,3,0,male,30.0,1,0,16.1,S,,Mr
975,3,0,female,26.0,1,0,16.1,S,,Mrs
976,3,0,male,,0,0,7.8792,S,,Mr
977,3,0,male,20.5,0,0,7.25,S,,Mr
978,3,1,male,27.0,0,0,8.6625,S,,Mr
979,3,0,male,51.0,0,0,7.0542,S,,Mr
980,3,1,female,23.0,0,0,7.8542,S,,Miss
981,3,1,male,32.0,0,0,7.5792,S,,Mr
982,3,0,male,,0,0,7.8958,S,,Mr
983,3,0,male,,0,0,7.55,S,,Mr
984,3,1,female,,0,0,7.75,Q,,Miss
985,3,1,male,24.0,0,0,7.1417,S,,Mr
986,3,0,male,22.0,0,0,7.125,S,,Mr
987,3,0,female,,0,0,7.8792,Q,,Miss
988,3,0,male,,0,0,7.75,Q,,Mr
989,3,0,male,,0,0,8.05,S,,Mr
990,3,0,male,29.0,0,0,7.925,S,,Mr
991,3,1,male,,0,0,7.2292,C,,Mr
992,3,0,female,30.5,0,0,7.75,Q,,Miss
993,3,1,female,,0,0,7.7375,Q,,Miss
994,3,0,male,,0,0,7.2292,C,F,Mr
995,3,0,male,35.0,0,0,7.8958,C,,Mr
996,3,0,male,33.0,0,0,7.8958,S,,Mr
997,3,1,female,,0,0,7.225,C,,Mrs
998,3,0,male,,0,0,7.8958,C,,Mr
999,3,1,female,,0,0,7.75,Q,,Miss
1000,3,1,male,,0,0,7.75,Q,,Mr
1001,3,1,female,,2,0,23.25,Q,,Miss
1002,3,1,female,,2,0,23.25,Q,,Miss
1003,3,1,male,,2,0,23.25,Q,,Mr
1004,3,1,female,,0,0,7.7875,Q,,Miss
1005,3,0,male,,0,0,15.5,Q,,Mr
1006,3,1,female,,0,0,7.8792,Q,,Miss
1007,3,1,female,15.0,0,0,8.0292,Q,,Miss
1008,3,0,female,35.0,0,0,7.75,Q,,Miss
1009,3,0,male,,0,0,7.75,Q,,Mr
1010,3,0,male,24.0,1,0,16.1,S,,Mr
1011,3,0,female,19.0,1,0,16.1,S,,Mrs
1012,3,0,female,,0,0,7.75,Q,,Miss
1013,3,0,female,,0,0,8.05,S,,Miss
1014,3,0,female,,0,0,8.05,S,,Mrs
1015,3,0,male,55.5,0,0,8.05,S,,Mr
1016,3,0,male,,0,0,7.75,Q,,Mr
1017,3,1,male,21.0,0,0,7.775,S,,Mr
1018,3,0,male,,0,0,8.05,S,,Mr
1019,3,0,male,24.0,0,0,7.8958,S,,Mr
1020,3,0,male,21.0,0,0,7.8958,S,,Mr
1021,3,0,male,28.0,0,0,7.8958,S,,Mr
1022,3,0,male,,0,0,7.8958,S,,Mr
1023,3,1,female,,0,0,7.8792,Q,,Miss
1024,3,0,male,25.0,0,0,7.65,S,F,Mr
1025,3,1,male,6.0,0,1,12.475,S,E,Master
1026,3,1,female,27.0,0,1,12.475,S,E,Mrs
1027,3,0,male,,0,0,8.05,S,,Mr
1028,3,1,female,,1,0,24.15,Q,,Miss
1029,3,0,male,,1,0,24.15,Q,,Mr
1030,3,0,male,,0,0,8.4583,Q,,Mr
1031,3,0,male,34.0,0,0,8.05,S,,Mr
1032,3,0,male,,0,0,7.75,Q,,Mr
1033,3,1,male,,0,0,7.775,S,,Mr
1034,3,1,male,,1,1,15.2458,C,,Master
1035,3,1,male,,1,1,15.2458,C,,Master
1036,3,1,female,,0,2,15.2458,C,,Mrs
1037,3,1,female,,0,0,7.2292,C,,Mrs
1038,3,0,male,,0,0,8.05,S,,Mr
1039,3,1,female,,0,0,7.7333,Q,,Miss
1040,3,1,female,24.0,0,0,7.75,Q,,Miss
1041,3,0,male,,0,0,8.05,S,,Mr
1042,3,1,female,,1,0,15.5,Q,,Miss
1043,3,1,female,,1,0,15.5,Q,,Miss
1044,3,1,female,,0,0,15.5,Q,,Miss
1045,3,0,male,18.0,0,0,7.75,S,,Mr
1046,3,0,male,22.0,0,0,7.8958,S,,Mr
1047,3,1,female,15.0,0,0,7.225,C,,Miss
1048,3,1,female,1.0,0,2,15.7417,C,,Miss
1049,3,1,male,20.0,1,1,15.7417,C,,Mr
1050,3,1,female,19.0,1,1,15.7417,C,,Mrs
1051,3,0,male,33.0,0,0,8.05,S,,Mr
1052,3,0,male,,0,0,7.8958,S,,Mr
1053,3,0,male,,0,0,7.2292,C,,Mr
1054,3,0,female,,0,0,7.75,Q,,Miss
1055,3,0,male,,0,0,7.8958,S,,Mr
1056,3,1,male,12.0,1,0,11.2417,C,,Master
1057,3,1,female,14.0,1,0,11.2417,C,,Miss
1058,3,0,female,29.0,0,0,7.925,S,,Miss
1059,3,0,male,28.0,0,0,8.05,S,,Mr
1060,3,1,female,18.0,0,0,7.775,S,,Miss
1061,3,1,female,26.0,0,0,7.8542,S,,Miss
1062,3,0,male,21.0,0,0,7.8542,S,,Mr
1063,3,0,male,41.0,0,0,7.125,S,,Mr
1064,3,1,male,39.0,0,0,7.925,S,,Mr
1065,3,0,male,21.0,0,0,7.8,S,,Mr
1066,3,0,male,28.5,0,0,7.2292,C,,Mr
1067,3,1,female,22.0,0,0,7.75,S,,Miss
1068,3,0,male,61.0,0,0,6.2375,S,,Mr
1069,3,0,male,,1,0,15.5,Q,,Mr
1070,3,0,male,,0,0,7.8292,Q,,Mr
1071,3,1,female,,1,0,15.5,Q,,Mrs
1072,3,0,male,,0,0,7.7333,Q,,Mr
1073,3,0,male,,0,0,7.75,Q,,Mr
1074,3,0,male,,0,0,7.75,Q,,Mr
1075,3,0,male,23.0,0,0,9.225,S,,Mr
1076,3,0,female,,0,0,7.75,Q,,Miss
1077,3,1,female,,0,0,7.75,Q,,Miss
1078,3,1,female,,0,0,7.8792,Q,,Miss
1079,3,1,female,22.0,0,0,7.775,S,,Miss
1080,3,1,male,,0,0,7.75,Q,,Mr
1081,3,1,female,,0,0,7.8292,Q,,Miss
1082,3,1,male,9.0,0,1,3.1708,S,,Master
1083,3,0,male,28.0,0,0,22.525,S,,Mr
1084,3,0,male,42.0,0,1,8.4042,S,,Mr
1085,3,0,male,,0,0,7.3125,S,,Mr
1086,3,0,female,31.0,0,0,7.8542,S,,Miss
1087,3,0,male,28.0,0,0,7.8542,S,,Mr
1088,3,1,male,32.0,0,0,7.775,S,,Mr
1089,3,0,male,20.0,0,0,9.225,S,,Mr
1090,3,0,female,23.0,0,0,8.6625,S,,Miss
1091,3,0,female,20.0,0,0,8.6625,S,,Miss
1092,3,0,male,20.0,0,0,8.6625,S,,Mr
1093,3,0,male,16.0,0,0,9.2167,S,,Mr
1094,3,1,female,31.0,0,0,8.6833,S,,Mrs
1095,3,0,female,,0,0,7.6292,Q,,Miss
1096,3,0,male,2.0,3,1,21.075,S,,Master
1097,3,0,male,6.0,3,1,21.075,S,,Master
1098,3,0,female,3.0,3,1,21.075,S,,Miss
1099,3,0,female,8.0,3,1,21.075,S,,Miss
1100,3,0,female,29.0,0,4,21.075,S,,Mrs
1101,3,0,male,1.0,4,1,39.6875,S,,Master
1102,3,0,male,7.0,4,1,39.6875,S,,Master
1103,3,0,male,2.0,4,1,39.6875,S,,Master
1104,3,0,male,16.0,4,1,39.6875,S,,Mr
1105,3,0,male,14.0,4,1,39.6875,S,,Mr
1106,3,0,female,41.0,0,5,39.6875,S,,Mrs
1107,3,0,male,21.0,0,0,8.6625,S,,Mr
1108,3,0,male,19.0,0,0,14.5,S,,Mr
1109,3,0,male,,0,0,8.7125,C,,Mr
1110,3,0,male,32.0,0,0,7.8958,S,,Mr
1111,3,0,male,0.75,1,1,13.775,S,,Master
1112,3,0,female,3.0,1,1,13.775,S,,Miss
1113,3,0,female,26.0,0,2,13.775,S,,Mrs
1114,3,0,male,,0,0,7.0,S,,Mr
1115,3,0,male,,0,0,7.775,S,,Mr
1116,3,0,male,,0,0,8.05,S,,Mr
1117,3,0,male,21.0,0,0,7.925,S,,Mr
1118,3,0,male,25.0,0,0,7.925,S,,Mr
1119,3,0,male,22.0,0,0,7.25,S,,Mr
1120,3,1,male,25.0,1,0,7.775,S,,Mr
1121,3,1,male,,1,1,22.3583,C,,Master
1122,3,1,female,,1,1,22.3583,C,F,Miss
1123,3,1,female,,0,2,22.3583,C,,Mrs
1124,3,0,female,,0,0,8.1375,Q,,Miss
1125,3,0,male,24.0,0,0,8.05,S,,Mr
1126,3,0,female,28.0,0,0,7.8958,S,,Miss
1127,3,0,male,19.0,0,0,7.8958,S,,Mr
1128,3,0,male,,0,0,7.8958,S,,Mr
1129,3,0,male,25.0,1,0,7.775,S,,Mr
1130,3,0,female,18.0,0,0,7.775,S,,Miss
1131,3,1,male,32.0,0,0,8.05,S,E,Mr
1132,3,0,male,,0,0,7.8958,S,,Mr
1133,3,0,male,17.0,0,0,8.6625,S,,Mr
1134,3,0,male,24.0,0,0,8.6625,S,,Mr
1135,3,0,male,,0,0,7.8958,S,,Mr
1136,3,0,female,,0,0,8.1125,S,,Mrs
1137,3,0,male,,0,0,7.2292,C,,Mr
1138,3,0,male,,0,0,7.25,S,,Mr
1139,3,0,male,38.0,0,0,7.8958,S,,Mr
1140,3,0,male,21.0,0,0,8.05,S,,Mr
1141,3,0,male,10.0,4,1,29.125,Q,,Master
1142,3,0,male,4.0,4,1,29.125,Q,,Master
1143,3,0,male,7.0,4,1,29.125,Q,,Master
1144,3,0,male,2.0,4,1,29.125,Q,,Master
1145,3,0,male,8.0,4,1,29.125,Q,,Master
1146,3,0,female,39.0,0,5,29.125,Q,,Mrs
1147,3,0,female,22.0,0,0,39.6875,S,,Miss
1148,3,0,male,35.0,0,0,7.125,S,,Mr
1149,3,1,female,,0,0,7.7208,Q,,Miss
1150,3,0,male,,0,0,14.5,S,,Mr
1151,3,0,female,,0,0,14.5,S,,Mrs
1152,3,0,male,50.0,1,0,14.5,S,,Mr
1153,3,0,female,47.0,1,0,14.5,S,,Mrs
1154,3,0,male,,0,0,8.05,S,,Mr
1155,3,0,male,,0,0,7.775,S,,Mr
1156,3,0,female,2.0,1,1,20.2125,S,,Miss
1157,3,0,male,18.0,1,1,20.2125,S,,Mr
1158,3,0,female,41.0,0,2,20.2125,S,,Mrs
1159,3,1,female,,0,0,8.05,S,,Miss
1160,3,0,male,50.0,0,0,8.05,S,,Mr
1161,3,0,male,16.0,0,0,8.05,S,,Mr
1162,3,1,male,,0,0,7.75,Q,,Mr
1163,3,0,male,,0,0,24.15,Q,,Mr
1164,3,0,male,,0,0,7.2292,C,,Mr
1165,3,0,male,25.0,0,0,7.225,C,,Mr
1166,3,0,male,,0,0,7.225,C,,Mr
1167,3,0,male,,0,0,7.7292,Q,,Mr
1168,3,0,male,,0,0,7.575,S,,Mr
1169,3,0,male,38.5,0,0,7.25,S,,Mr
1170,3,0,male,,8,2,69.55,S,,Master
1171,3,0,male,14.5,8,2,69.55,S,,Master
1172,3,0,female,,8,2,69.55,S,,Miss
1173,3,0,female,,8,2,69.55,S,,Miss
1174,3,0,female,,8,2,69.55,S,,Miss
1175,3,0,female,,8,2,69.55,S,,Miss
1176,3,0,male,,8,2,69.55,S,,Mr
1177,3,0,male,,8,2,69.55,S,,Mr
1178,3,0,male,,8,2,69.55,S,,Mr
1179,3,0,male,,1,9,69.55,S,,Mr
1180,3,0,female,,1,9,69.55,S,,Mrs
1181,3,0,male,24.0,0,0,9.325,S,,Mr
1182,3,1,female,21.0,0,0,7.65,S,,Miss
1183,3,0,male,39.0,0,0,7.925,S,,Mr
1184,3,0,male,,2,0,21.6792,C,,Mr
1185,3,0,male,,2,0,21.6792,C,,Mr
1186,3,0,male,,2,0,21.6792,C,,Mr
1187,3,1,female,1.0,1,1,16.7,S,G,Miss
1188,3,1,female,24.0,0,2,16.7,S,G,Mrs
1189,3,1,female,4.0,1,1,16.7,S,G,Miss
1190,3,1,male,25.0,0,0,9.5,S,,Mr
1191,3,0,male,20.0,0,0,8.05,S,,Mr
1192,3,0,male,24.5,0,0,8.05,S,,Mr
1193,3,0,male,,0,0,7.725,Q,,Mr
1194,3,0,male,,0,0,7.8958,S,,Mr
1195,3,0,male,,0,0,7.75,Q,,Mr
1196,3,1,male,29.0,0,0,9.5,S,,Mr
1197,3,0,male,,0,0,15.1,S,,Mr
1198,3,1,female,,0,0,7.7792,Q,,Miss
1199,3,0,male,,0,0,8.05,S,,Mr
1200,3,0,male,,0,0,8.05,S,,Mr
1201,3,0,male,22.0,0,0,7.2292,C,,Mr
1202,3,0,male,,0,0,8.05,S,,Mr
1203,3,0,male,40.0,0,0,7.8958,S,,Mr
1204,3,0,male,21.0,0,0,7.925,S,,Mr
1205,3,1,female,18.0,0,0,7.4958,S,,Miss
1206,3,0,male,4.0,3,2,27.9,S,,Master
1207,3,0,male,10.0,3,2,27.9,S,,Master
1208,3,0,female,9.0,3,2,27.9,S,,Miss
1209,3,0,female,2.0,3,2,27.9,S,,Miss
1210,3,0,male,40.0,1,4,27.9,S,,Mr
1211,3,0,female,45.0,1,4,27.9,S,,Mrs
1212,3,0,male,,0,0,7.8958,S,,Mr
1213,3,0,male,,0,0,8.05,S,,Mr
1214,3,0,male,,0,0,8.6625,S,,Mr
1215,3,0,male,,0,0,7.75,Q,,Mr
1216,3,1,female,,0,0,7.7333,Q,,Miss
1217,3,0,male,19.0,0,0,7.65,S,F,Mr
1218,3,0,male,30.0,0,0,8.05,S,,Mr
1219,3,0,male,,0,0,8.05,S,,Mr
1220,3,0,male,32.0,0,0,8.05,S,,Mr
1221,3,0,male,,0,0,7.8958,S,,Mr
1222,3,0,male,33.0,0,0,8.6625,C,,Mr
1223,3,1,female,23.0,0,0,7.55,S,,Miss
1224,3,0,male,21.0,0,0,8.05,S,,Mr
1225,3,0,male,60.5,0,0,,S,,Mr
1226,3,0,male,19.0,0,0,7.8958,S,,Mr
1227,3,0,female,22.0,0,0,9.8375,S,,Miss
1228,3,1,male,31.0,0,0,7.925,S,,Mr
1229,3,0,male,27.0,0,0,8.6625,S,,Mr
1230,3,0,female,2.0,0,1,10.4625,S,G,Miss
1231,3,0,female,29.0,1,1,10.4625,S,G,Mrs
1232,3,1,male,16.0,0,0,8.05,S,,Mr
1233,3,1,male,44.0,0,0,7.925,S,,Mr
1234,3,0,male,25.0,0,0,7.05,S,,Mr
1235,3,0,male,74.0,0,0,7.775,S,,Mr
1236,3,1,male,14.0,0,0,9.225,S,,Mr
1237,3,0,male,24.0,0,0,7.7958,S,,Mr
1238,3,1,male,25.0,0,0,7.7958,S,,Mr
1239,3,0,male,34.0,0,0,8.05,S,,Mr
1240,3,1,male,0.4167,0,1,8.5167,C,,Master
1241,3,0,male,,1,0,6.4375,C,,Mr
1242,3,0,male,,0,0,6.4375,C,,Mr
1243,3,0,male,,0,0,7.225,C,,Mr
1244,3,1,female,16.0,1,1,8.5167,C,,Mrs
1245,3,0,male,,0,0,8.05,S,,Mr
1246,3,0,male,,1,0,16.1,S,,Mr
1247,3,1,female,,1,0,16.1,S,,Mrs
1248,3,0,male,32.0,0,0,7.925,S,,Mr
1249,3,0,male,,0,0,7.75,Q,F,Mr
1250,3,0,male,,0,0,7.8958,S,,Mr
1251,3,0,male,30.5,0,0,8.05,S,,Mr
1252,3,0,male,44.0,0,0,8.05,S,,Mr
1253,3,0,male,,0,0,7.2292,C,,Mr
1254,3,1,male,25.0,0,0,0.0,S,,Mr
1255,3,0,male,,0,0,7.2292,C,,Mr
1256,3,1,male,7.0,1,1,15.2458,C,,Master
1257,3,1,female,9.0,1,1,15.2458,C,,Miss
1258,3,1,female,29.0,0,2,15.2458,C,,Mrs
1259,3,0,male,36.0,0,0,7.8958,S,,Mr
1260,3,1,female,18.0,0,0,9.8417,S,,Miss
1261,3,1,female,63.0,0,0,9.5875,S,,Mrs
1262,3,0,male,,1,1,14.5,S,,Master
1263,3,0,male,11.5,1,1,14.5,S,,Master
1264,3,0,male,40.5,0,2,14.5,S,,Mr
1265,3,0,female,10.0,0,2,24.15,S,,Miss
1266,3,0,male,36.0,1,1,24.15,S,,Mr
1267,3,0,female,30.0,1,1,24.15,S,,Mrs
1268,3,0,male,,0,0,9.5,S,,Mr
1269,3,0,male,33.0,0,0,9.5,S,,Mr
1270,3,0,male,28.0,0,0,9.5,S,,Mr
1271,3,0,male,28.0,0,0,9.5,S,,Mr
1272,3,0,male,47.0,0,0,9.0,S,,Mr
1273,3,0,female,18.0,2,0,18.0,S,,Miss
1274,3,0,male,31.0,3,0,18.0,S,,Mr
1275,3,0,male,16.0,2,0,18.0,S,,Mr
1276,3,0,female,31.0,1,0,18.0,S,,Mrs
1277,3,1,male,22.0,0,0,7.225,C,,Mr
1278,3,0,male,20.0,0,0,7.8542,S,,Mr
1279,3,0,female,14.0,0,0,7.8542,S,,Miss
1280,3,0,male,22.0,0,0,7.8958,S,,Mr
1281,3,0,male,22.0,0,0,9.0,S,,Mr
1282,3,0,male,,0,0,8.05,S,,Mr
1283,3,0,male,,0,0,7.55,S,,Mr
1284,3,0,male,,0,0,8.05,S,,Mr
1285,3,0,male,32.5,0,0,9.5,S,,Mr
1286,3,1,female,38.0,0,0,7.2292,C,,Mrs
1287,3,0,male,51.0,0,0,7.75,S,,Mr
1288,3,0,male,18.0,1,0,6.4958,S,,Mr
1289,3,0,male,21.0,1,0,6.4958,S,,Mr
1290,3,1,female,47.0,1,0,7.0,S,,Mrs
1291,3,0,male,,0,0,8.7125,S,,Mr
1292,3,0,male,,0,0,7.55,S,,Mr
1293,3,0,male,,0,0,8.05,S,,Mr
1294,3,0,male,28.5,0,0,16.1,S,,Mr
1295,3,0,male,21.0,0,0,7.25,S,,Mr
1296,3,0,male,27.0,0,0,8.6625,S,,Mr
1297,3,0,male,,0,0,7.25,S,,Mr
1298,3,0,male,36.0,0,0,9.5,S,,Mr
1299,3,0,male,27.0,1,0,14.4542,C,,Mr
1300,3,1,female,15.0,1,0,14.4542,C,,Mrs
1301,3,0,male,45.5,0,0,7.225,C,,Mr
1302,3,0,male,,0,0,7.225,C,,Mr
1303,3,0,male,,0,0,14.4583,C,,Mr
1304,3,0,female,14.5,1,0,14.4542,C,,Miss
1305,3,0,female,,1,0,14.4542,C,,Miss
1306,3,0,male,26.5,0,0,7.225,C,,Mr
1307,3,0,male,27.0,0,0,7.225,C,,Mr
1308,3,0,male,29.0,0,0,7.875,S,,Mr
